"student_id","program_id","timestamp","GADS_1orig","GADS_2orig","GADS_3orig","GADS_4orig","GADS_10orig","GADS_11orig","GADS_12orig","GADS_13orig","GADS_1","GADS_2","GADS_3","GADS_4","GADS_10","GADS_11","GADS_12","GADS_13","GADS_sum_ans_4","GADS_sum_dep_4","SE01_conf_aprender","SE02_autonomia_aprender","SE14NEG_cuesta_ejercicios","SE14R_cuesta_ejercicios","SE03_resolver_ejercicios","SE04_estudiar_tiempo_necesario","SE15NEG_cuesta_clases","SE15R_cuesta_clases","SE06_entender_compleja","SE08_buscar_ayuda_autonomia","SE09_conf_aprobar","SE10_identif_baches","SE16NEG_cuesta_comparacion","SE16R_cuesta_comparacion","SE11_entender_clases","SE13_resiliencia","SE_t1","SEpos_t1","SENeg_t1","SENegR_t1","BPN01_AS","BPN02_AF","BPN03_RF","BPN04_CS","BPN05_AS","BPN06_AF","BPN07_RS","BPN08_RF","BPN09_CF","BPN10_RS","BPN11_CF","BPN12_CS","BPN_CS_t2","BPN_CF_t2","BPN_AS_t2","BPN_AF_t2","BPN_RS_t2","BPN_RF_t2","PERC_lastP_cat","PERC_lastP","SABE_NOTA_lastP","ESTUDIO_ANTICIPADO_cat","ESTUDIO_ANTICIPADO","VECES_ESTUDIO_cat","VECES_ESTUDIO","HORAS_ESTUDIO_cat","HORAS_ESTUDIO","ESTUDIARIA_MAS_cat","ESTUDIARIA_MAS","VER_VS_RESOLVER_APRENDER","VER_VS_RESOLVER_PRUEBAS","VER_VS_RESOLVER_TIEMPO"
"063999053f11caa416af42783d1c4d",1708,"7/1/2024 10:07:52",2,2,0,2,2,0,0,2,1,1,0,1,1,0,0,1,3,2,6,4,3,4,4,4,2,5,4,6,6,5,4,3,6,5,4.769230769,5,3,4,4,2,1,4,3,2,3,1,3,4,3,3,3.5,3,3.5,2,3.5,1,"muy mal",1,"Si","2 días antes",2,"2 veces",2,"entre 3 y 6 horas",3,"Más",1,4,6,4
"c461c54649c00499937f67c3e1dce3",1708,"6/27/2024 12:50:29",1,2,1,1,1,1,1,1,0,1,0,0,0,0,0,0,1,0,5,5,2,5,6,5,3,4,5,6,6,5,2,5,5,5,5.153846154,5.3,2.333333333,4.666666667,4,3,2,5,5,2,4,2,2,5,2,4,4.5,2,4.5,2.5,4.5,2,"bien",4,"No","2 semanas antes",14,"4 veces",4,"entre 6 y 10 horas",6,"Igual",0,1,6,5
"cc710280fe622af07107380c9c7f21",1704,"6/25/2024 12:00:58",1,0,0,0,1,1,0,0,0,0,0,0,0,0,0,0,0,0,6,6,1,6,6,6,1,6,6,6,6,6,1,6,6,6,6,6,1,6,5,3,1,5,5,4,5,1,1,5,1,5,5,1,5,3.5,5,1,"muy bien",5,"No","1 semana antes",7,"4 veces",4,"entre 6 y 10 horas",6,"Igual",0,6,5,5
"690085619a68edfec8fb6cdfd23e20",1740,"7/1/2024 14:53:30",2,3,1,2,2,2,3,3,1,1,0,1,1,1,1,1,3,4,4,4,3,4,5,5,4,3,2,3,2,3,5,2,3,4,3.384615385,3.5,4,3,3,2,3,4,2,2,3,3,5,3,4,3,3.5,4.5,2.5,2,3,3,"muy mal",1,"Si","entre 3 y 6 días antes",3,"2 veces",2,"entre 3 y 6 horas",3,"Mucho más",2,2,5,5
"fcd44fb7674b9a82fe1506964f3834",1736,"6/26/2024 15:15:43",1,1,0,1,0,0,0,0,0,0,0,0,0,0,0,0,0,0,6,4,2,5,6,2,1,6,6,4,6,6,1,6,6,3,5.076923077,4.9,1.333333333,5.666666667,3,5,1,5,5,5,5,1,2,5,1,2,3.5,1.5,4,5,5,1,"bien",4,"No","2 días antes",2,"3 veces",3,"entre 3 y 6 horas",3,"Mucho más",2,5,5,2
"7f8a4d3982b3d5ebf540e6113ce259",1822,"6/24/2024 11:14:15",2,2,1,1,1,1,1,0,1,1,0,0,0,0,0,0,2,0,6,6,2,5,5,5,2,5,6,5,6,5,1,6,5,4,5.307692308,5.3,1.666666667,5.333333333,3,2,1,4,4,2,5,1,2,3,3,3,3.5,2.5,3.5,2,4,1,"más o menos",3,"No","2 semanas antes",14,"5 o más veces",5,"entre 6 y 10 horas",6,"Igual",0,5,6,6
"944e4cf09b4f0c9042a4cfcdc001d4",1740,"7/1/2024 14:41:22",2,2,1,1,2,1,1,2,1,1,0,0,1,0,0,1,2,2,2,3,6,1,1,1,6,1,1,3,3,5,6,1,3,2,2.076923077,2.4,6,1,4,5,3,2,2,2,1,3,5,1,5,1,1.5,5,3,3.5,1,3,"mal",2,"Si","entre 3 y 6 días antes",3,"4 veces",4,"entre 6 y 10 horas",6,"Más",1,3,3,1
"5d5836285631a5098630fe1d3893a5",1736,"6/26/2024 15:10:10",1,1,0,2,1,0,1,1,0,0,0,1,0,0,0,0,1,0,5,3,2,5,5,3,1,6,5,6,4,6,2,5,5,4,4.769230769,4.6,1.666666667,5.333333333,4,3,2,4,4,2,4,1,2,4,2,4,4,2,4,2.5,4,1.5,"más o menos",3,"No","2 días antes",2,"4 veces",4,"entre 6 y 10 horas",6,"Más",1,3,5,4
"4133cd60fb847b73f9dc7eae4c8aa9",1822,"6/26/2024 11:22:41",3,3,2,3,3,2,2,3,1,1,1,1,1,1,1,1,4,4,5,4,6,1,5,6,6,1,5,4,3,5,5,2,4,3,3.692307692,4.4,5.666666667,1.333333333,3,5,4,3,3,5,3,3,5,4,5,3,3,5,3,5,3.5,3.5,"bien",4,"No","2 semanas antes",14,"5 o más veces",5,"entre 15 y 24 horas",15,"Mucho más",2,6,6,6
"a2bc98c783a524454cae830d58ccea",1740,"7/1/2024 14:41:03",2,2,3,3,1,1,0,1,1,1,1,1,0,0,0,0,4,0,6,3,1,6,5,6,2,5,6,6,6,6,2,5,5,6,5.461538462,5.5,1.666666667,5.333333333,3,5,2,4,3,5,3,2,4,3,2,4,4,3,3,5,3,2,"más o menos",3,"Si","2 días antes",2,"5 o más veces",5,"entre 1 y 3 horas",1,"Más",1,6,6,6
"a06d4f5f9f2171e9de420bb18e5a1f",1730,"7/3/2024 12:06:51",3,3,1,1,3,2,2,2,1,1,0,0,1,1,1,1,2,4,6,4,3,4,4,3,3,4,3,4,5,5,3,4,4,3,4.076923077,4.1,3,4,3,4,1,4,1,2,4,2,4,4,4,2,3,4,2,3,4,1.5,"bien",4,"Si","2 días antes",2,"2 veces",2,"entre 3 y 6 horas",3,"Mucho más",2,4,6,5
"0b73d27d36f7ef15951a4d3465027f",1708,"7/1/2024 10:08:01",2,1,1,0,2,0,0,0,1,0,0,0,1,0,0,0,1,1,4,5,4,3,4,4,3,4,3,6,6,5,5,2,5,4,4.230769231,4.6,4,3,2,5,2,4,3,4,5,2,4,5,3,3,3.5,3.5,2.5,4.5,5,2,"muy mal",1,"Si","1 día antes",1,"1 vez",1,"entre 1 y 3 horas",1,"Más",1,6,6,6
"212acb790270fd68fc06c2870b57c5",1708,"6/24/2024 11:45:16",1,1,0,1,1,0,1,0,0,0,0,0,0,0,0,0,0,0,5,6,2,5,5,3,2,5,4,4,5,3,1,6,6,5,4.769230769,4.6,1.666666667,5.333333333,5,3,2,4,3,1,3,1,1,4,1,4,4,1,4,2,3.5,1.5,"bien",4,"No","entre 3 y 6 días antes",3,"4 veces",4,"entre 3 y 6 horas",3,"Más",1,2,4,4
"d02be7a19343cf8cee7dc1bc7de603",1736,"6/26/2024 15:17:18",1,1,0,0,2,0,0,0,0,0,0,0,1,0,0,0,0,1,6,4,1,6,6,3,2,5,4,4,6,5,3,4,6,5,4.923076923,4.9,2,5,5,1,1,5,3,3,5,1,1,5,2,4,4.5,1.5,4,2,5,1,"muy bien",5,"No","1 semana antes",7,"1 vez",1,"entre 1 y 3 horas",1,"Más",1,6,6,3
"f385482f96d93bfe1a0e6a4dd472b7",1708,"6/27/2024 12:52:36",2,3,3,2,3,2,2,2,1,1,1,1,1,1,1,1,4,4,4,4,6,1,3,5,3,4,3,6,2,3,5,2,4,2,3.307692308,3.6,4.666666667,2.333333333,3,3,2,2,3,2,4,2,4,5,4,3,2.5,4,3,2.5,4.5,2,"muy mal",1,"No","1 semana antes",7,"5 o más veces",5,"entre 6 y 10 horas",6,"Mucho más",2,3,3,2
"21602950674860772afbe68517825a",1730,"7/3/2024 11:59:32",3,3,1,3,3,1,0,2,1,1,0,1,1,0,0,1,3,2,6,6,1,6,6,6,5,2,6,6,6,5,1,6,6,4,5.461538462,5.7,2.333333333,4.666666667,5,4,1,5,5,2,4,1,3,5,3,5,5,3,5,3,4.5,1,"más o menos",3,"Si","2 días antes",2,"2 veces",2,"entre 3 y 6 horas",3,"Igual",0,6,6,5
"44ee006546b490b7f0530821ea6841",1730,"7/3/2024 12:00:36",1,0,0,0,1,0,0,0,0,0,0,0,0,0,0,0,0,0,4,5,3,4,5,4,1,6,5,5,4,3,1,6,5,5,4.692307692,4.5,1.666666667,5.333333333,4,2,1,4,4,1,3,1,4,5,4,4,4,4,4,1.5,4,1,"mal",2,"Si","entre 3 y 6 días antes",3,"2 veces",2,"entre 1 y 3 horas",1,"Más",1,3,3,4
"d671f926ea6201f08f13d5e462febb",1807,"6/27/2024 16:14:47",2,3,1,2,2,2,1,2,1,1,0,1,1,1,0,1,3,3,3,3,4,3,2,3,3,4,2,4,2,2,6,1,3,2,2.615384615,2.6,4.333333333,2.666666667,4,3,3,3,2,2,3,4,5,2,4,2,2.5,4.5,3,2.5,2.5,3.5,"muy mal",1,"Si","2 días antes",2,"1 vez",1,"entre 1 y 3 horas",1,"Mucho más",2,6,6,6
"04e5abe37975a2252c9aebbdb0b03d",1708,"7/1/2024 10:08:18",1,0,1,1,2,3,2,2,0,0,0,0,1,1,1,1,0,4,3,3,5,2,2,2,3,4,3,1,2,2,4,3,3,2,2.461538462,2.3,4,3,5,1,1,2,3,2,3,1,5,5,5,1,1.5,5,4,1.5,4,1,"muy mal",1,"Si","1 día antes",1,"1 vez",1,"entre 1 y 3 horas",1,"Mucho más",2,1,6,1
"9a68aa1407f3d1a536f1694be00378",1822,"6/26/2024 11:26:27",1,3,1,3,3,3,2,3,0,1,0,1,1,1,1,1,2,4,1,1,6,1,1,6,6,1,1,5,1,6,6,1,3,6,2.615384615,3.1,6,1,4,5,2,3,1,3,5,1,5,4,5,2,2.5,5,2.5,4,4.5,1.5,"muy mal",1,"No","2 semanas antes",14,"5 o más veces",5,"más de 24 horas",24,"Mucho más",2,5,5,6
"d3da9ce1c300951d0c7236defe7df6",1822,"6/24/2024 11:16:51",1,2,0,1,1,0,1,1,0,1,0,0,0,0,0,0,1,0,4,5,2,5,5,4,2,5,4,5,4,4,4,3,4,3,4.230769231,4.2,2.666666667,4.333333333,4,3,2,4,4,3,4,2,4,4,4,4,4,4,4,3,4,2,"mal",2,"Si","entre 3 y 6 días antes",3,"4 veces",4,"entre 6 y 10 horas",6,"Mucho más",2,5,6,3
"ee8658a1cbbccedb62355d3a42503c",1740,"7/1/2024 14:43:18",1,1,1,1,1,0,0,0,0,0,0,0,0,0,0,0,0,0,5,4,5,2,5,4,2,5,4,5,6,3,4,3,5,4,4.230769231,4.5,3.666666667,3.333333333,3,3,1,4,4,3,4,1,2,5,2,4,4,2,3.5,3,4.5,1,"bien",4,"Si","1 semana antes",7,"3 veces",3,"entre 6 y 10 horas",6,"Más",1,4,5,4
"601b909c329f83c7deadd723a33184",1822,"6/24/2024 11:12:30",3,3,3,3,3,3,3,3,1,1,1,1,1,1,1,1,4,4,3,3,3,4,3,3,3,4,3,3,3,3,3,4,3,3,3.230769231,3,3,4,2,2,2,2,2,2,2,2,2,2,2,2,2,2,2,2,2,2,"muy mal",1,"Si","2 semanas antes",14,"4 veces",4,"entre 6 y 10 horas",6,"Más",1,6,6,3
"b10c60398a6184c84750f27a6f952a",1736,"6/26/2024 15:12:26",1,2,1,1,2,1,1,1,0,1,0,0,1,0,0,0,1,1,4,4,4,3,3,5,5,2,5,4,3,2,4,3,4,4,3.538461538,3.8,4.333333333,2.666666667,3,4,1,3,3,3,4,1,5,5,4,4,3.5,4.5,3,3.5,4.5,1,"más o menos",3,"No","1 día antes",1,"2 veces",2,"entre 3 y 6 horas",3,"Mucho más",2,3,3,2
"fa01b898eb89d2e3893bf81e37c6bd",1822,"6/24/2024 11:12:33",2,2,2,1,2,1,1,1,1,1,1,0,1,0,0,0,3,1,4,5,4,3,5,4,3,4,4,3,4,5,5,2,4,4,3.923076923,4.2,4,3,4,4,2,3,3,2,5,3,4,4,3,3,3,3.5,3.5,3,4.5,2.5,"más o menos",3,"No","entre 3 y 6 días antes",3,"4 veces",4,"entre 6 y 10 horas",6,"Mucho más",2,4,4,4
"11df933242b6b3d1b8d76131c196d8",1704,"6/25/2024 12:02:16",1,2,1,1,1,0,0,0,0,1,0,0,0,0,0,0,1,0,6,6,4,3,5,6,5,2,5,5,6,6,4,3,5,6,4.923076923,5.6,4.333333333,2.666666667,4,3,3,5,5,1,4,2,4,4,4,5,5,4,4.5,2,4,2.5,"bien",4,"No","1 semana antes",7,"5 o más veces",5,"entre 10 y 15 horas",10,"Más",1,6,6,6
"1fd53f680e91e645c3e97c436b1852",1704,"6/25/2024 12:00:19",3,3,3,2,2,1,1,2,1,1,1,1,1,0,0,1,4,2,5,6,3,4,2,4,4,3,6,3,5,4,2,5,2,2,3.923076923,3.9,3,4,3,5,1,4,5,4,4,3,5,4,4,2,3,4.5,4,4.5,4,2,"mal",2,"No","2 días antes",2,"2 veces",2,"entre 3 y 6 horas",3,"Mucho más",2,4,4,2
"16d2f22622c45ab1d97b812a53c611",1704,"6/25/2024 12:00:22",1,1,0,1,1,0,0,1,0,0,0,0,0,0,0,0,0,0,5,5,5,2,5,6,3,4,4,5,5,5,5,2,5,5,4.461538462,5,4.333333333,2.666666667,4,4,1,5,4,4,5,5,3,4,4,4,4.5,3.5,4,4,4.5,3,"más o menos",3,"No","entre 3 y 6 días antes",3,"3 veces",3,"entre 3 y 6 horas",3,"Más",1,6,6,4
"cfec707aafb005a3cbb48551a43d16",1740,"7/1/2024 14:43:00",2,3,2,3,3,1,1,1,1,1,1,1,1,0,0,0,4,1,4,2,3,4,3,2,4,3,4,3,2,3,5,2,3,2,2.846153846,2.8,4,3,4,3,3,2,3,1,2,4,5,1,4,1,1.5,4.5,3.5,2,1.5,3.5,"muy mal",1,"No","No estudié",0,"1 vez",1,"entre 1 y 3 horas",1,"Mucho más",2,3,3,2
"17f1d97b98e4666b960d8365a96795",1736,"7/3/2024 17:45:07",1,1,0,2,2,1,0,0,0,0,0,1,1,0,0,0,1,1,5,6,1,6,6,6,2,5,6,6,6,6,1,6,6,5,5.769230769,5.8,1.333333333,5.666666667,4,3,1,5,5,1,2,1,2,4,1,5,5,1.5,4.5,2,3,1,"bien",4,"Si","3 semanas antes o más",21,"5 o más veces",5,"entre 10 y 15 horas",10,"Mucho más",2,6,6,5
"dd45762f6a2e74c13b14696867bc23",1807,"6/27/2024 16:14:51",1,2,2,1,2,2,1,1,0,1,1,0,1,1,0,0,2,2,3,3,4,3,3,3,3,4,3,4,5,4,5,2,2,4,3.307692308,3.4,4,3,3,4,2,4,2,4,4,1,4,4,5,2,3,4.5,2.5,4,4,1.5,"muy mal",1,"Si","2 días antes",2,"4 veces",4,"entre 6 y 10 horas",6,"Más",1,1,2,3
"e43734a1fc9d3cfea67f129f751af7",1708,"6/24/2024 11:52:29",2,2,1,1,1,1,1,1,1,1,0,0,0,0,0,0,2,0,1,2,4,3,1,1,5,2,1,1,1,4,6,1,1,1,1.538461538,1.4,5,2,4,3,2,2,2,1,4,1,5,4,5,1,1.5,5,3,2,4,1.5,"muy mal",1,"No","No estudié",0,"1 vez",1,"entre 1 y 3 horas",1,"Mucho más",2,6,6,3
"e975e8998c6b9d5c32cb0d9f4754f8",1708,"7/1/2024 10:05:48",2,2,2,2,3,1,1,2,1,1,1,1,1,0,0,1,4,2,4,4,4,3,4,4,4,3,4,4,4,4,4,3,4,4,3.769230769,4,4,3,3,4,4,3,4,3,4,2,4,4,3,3,3,3.5,3.5,3.5,4,3,"muy mal",1,"Si","entre 3 y 6 días antes",3,"3 veces",3,"entre 6 y 10 horas",6,"Igual",0,4,4,3
"fefbc24ba5e2672d090bcd1704522f",1708,"7/1/2024 10:05:24",2,2,2,2,2,2,2,2,1,1,1,1,1,1,1,1,4,4,2,4,4,3,2,2,5,2,2,2,2,2,5,2,2,2,2.230769231,2.2,4.666666667,2.333333333,2,5,4,2,2,4,2,2,5,4,5,3,2.5,5,2,4.5,3,3,"muy mal",1,"Si","2 días antes",2,"4 veces",4,"entre 1 y 3 horas",1,"Más",1,2,5,2
"fdfef5971326962c3d8d9532207b27",1822,"6/26/2024 11:27:58",2,2,2,2,2,1,1,1,1,1,1,1,1,0,0,0,4,1,3,4,4,3,3,5,3,4,3,5,3,5,2,5,4,4,3.923076923,3.9,3,4,4,4,2,3,3,3,3,3,4,2,4,3,3,4,3.5,3.5,2.5,2.5,"más o menos",3,"Si","1 semana antes",7,"5 o más veces",5,"entre 15 y 24 horas",15,"Más",1,5,5,5
"7a7d0e2d5d3a81958e1f69cc9914e4",1708,"7/1/2024 10:06:38",1,1,1,1,1,1,1,0,0,0,0,0,0,0,0,0,0,0,6,6,2,5,6,6,1,6,5,5,6,6,1,6,6,4,5.615384615,5.6,1.333333333,5.666666667,4,4,1,4,4,2,5,1,4,5,3,4,4,3.5,4,3,5,1,"más o menos",3,"Si","2 días antes",2,"2 veces",2,"entre 3 y 6 horas",3,"Más",1,6,6,3
"1aab461ce8ab84020ac6303748ac02",1704,"6/25/2024 11:59:22",3,3,3,3,3,3,3,3,1,1,1,1,1,1,1,1,4,4,6,6,3,4,6,6,1,6,6,5,4,6,6,1,6,6,5.230769231,5.7,3.333333333,3.666666667,1,3,1,5,5,3,5,1,3,5,1,5,5,2,3,3,5,1,"muy mal",1,"Si","2 semanas antes",14,"5 o más veces",5,"más de 24 horas",24,"Mucho más",2,6,6,3
"99f33999db8f4b26a8f17bdd7f51a9",1822,"6/24/2024 11:15:30",2,2,2,2,3,2,2,2,1,1,1,1,1,1,1,1,4,4,2,2,5,2,5,3,4,3,2,3,2,4,4,3,4,3,2.923076923,3,4.333333333,2.666666667,3,4,1,2,2,2,4,3,5,3,4,2,2,4.5,2.5,3,3.5,2,"mal",2,"No","1 semana antes",7,"4 veces",4,"entre 6 y 10 horas",6,"Más",1,3,5,5
"af328dc4cccfd79bc5b510f350b183",1740,"7/1/2024 14:42:14",2,2,2,2,2,2,2,2,1,1,1,1,1,1,1,1,4,4,2,3,5,2,3,1,4,3,2,3,1,2,6,1,3,2,2.153846154,2.2,5,2,4,3,1,2,5,4,3,1,4,3,4,2,2,4,4.5,3.5,3,1,"mal",2,"Si","1 semana antes",7,"5 o más veces",5,"entre 3 y 6 horas",3,"Mucho más",2,4,6,3
"0fcc720c5e83469a91a9b1315846e6",1730,"7/3/2024 11:57:02",2,3,1,2,3,1,2,2,1,1,0,1,1,0,1,1,3,3,5,5,5,2,5,5,4,3,4,5,5,6,6,1,5,6,4.384615385,5.1,5,2,5,5,4,3,3,1,3,1,5,5,5,4,3.5,5,4,3,4,2.5,"muy mal",1,"Si","1 semana antes",7,"2 veces",2,"entre 3 y 6 horas",3,"Más",1,6,1,1
"66b5f25284c8cadfd6b80679d763cd",1730,"7/3/2024 11:58:45",3,1,3,3,3,1,1,1,1,0,1,1,1,0,0,0,3,1,5,3,2,5,4,4,2,5,3,6,3,5,2,5,4,3,4.230769231,4,2,5,3,5,2,3,5,1,4,2,5,5,5,3,3,5,4,3,4.5,2,"bien",4,"Si","2 semanas antes",14,"5 o más veces",5,"entre 10 y 15 horas",10,"Igual",0,6,6,6
"d93cc78ee2c820d4c189bc4df97adb",1704,"6/25/2024 11:58:50",1,1,0,2,2,0,1,0,0,0,0,1,1,0,0,0,1,1,6,6,1,6,6,6,1,6,6,5,6,6,1,6,6,6,5.923076923,5.9,1,6,5,3,1,4,4,1,5,1,1,5,2,5,4.5,1.5,4.5,2,5,1,"muy bien",5,"No","3 semanas antes o más",21,"5 o más veces",5,"entre 15 y 24 horas",15,"Igual",0,6,6,1
"b213774f90eed026b9a07c99b6666b",1704,"6/25/2024 12:02:52",3,3,2,3,3,1,1,3,1,1,1,1,1,0,0,1,4,2,4,6,2,5,4,6,3,4,3,6,4,6,2,5,4,6,4.846153846,4.9,2.333333333,4.666666667,3,4,1,5,3,2,5,1,3,5,2,2,3.5,2.5,3,3,5,1,"mal",2,"No","2 días antes",2,"5 o más veces",5,"entre 1 y 3 horas",1,"Mucho más",2,1,6,1
"058ed11635f248016c3f464a32ed5c",1708,"6/27/2024 12:52:08",1,1,0,1,2,0,0,1,0,0,0,0,1,0,0,0,0,1,4,5,2,5,4,3,2,5,5,4,5,5,3,4,5,5,4.538461538,4.5,2.333333333,4.666666667,4,2,1,4,4,1,4,1,2,4,2,4,4,2,4,1.5,4,1,"más o menos",3,"No","entre 3 y 6 días antes",3,"4 veces",4,"entre 6 y 10 horas",6,"Más",1,4,3,2
"b11e0d97ee9eda30b5b0b8db7becdd",1708,"6/24/2024 11:46:29",2,2,0,1,2,0,2,1,1,1,0,0,1,0,1,0,2,2,5,3,2,5,6,3,2,5,4,2,5,4,1,6,4,4,4.307692308,4,1.666666667,5.333333333,4,2,1,3,3,2,4,1,3,3,4,4,3.5,3.5,3.5,2,3.5,1,"bien",4,"No","1 día antes",1,"2 veces",2,"entre 3 y 6 horas",3,"Igual",0,5,4,5
"892cbab9fb8549489b6327efe749b6",1736,"6/26/2024 15:07:35",1,1,1,1,0,0,0,1,0,0,0,0,0,0,0,0,0,0,3,2,6,1,3,3,3,4,3,3,1,3,5,2,3,3,2.615384615,2.7,4.666666667,2.333333333,4,3,3,4,4,1,2,4,4,3,3,2,3,3.5,4,2,2.5,3.5,"muy mal",1,"No","No estudié",0,"1 vez",1,"entre 1 y 3 horas",1,"Mucho más",2,6,6,6
"ce715338e6859476a7402bcfa31750",1704,"6/25/2024 12:02:16",2,2,1,1,1,1,0,1,1,1,0,0,0,0,0,0,2,0,3,2,5,2,2,2,3,4,2,2,1,4,6,1,3,4,2.461538462,2.5,4.666666667,2.333333333,3,2,1,2,3,3,3,2,5,4,4,2,2,4.5,3,2.5,3.5,1.5,"mal",2,"No","entre 3 y 6 días antes",3,"5 o más veces",5,"entre 10 y 15 horas",10,"Más",1,2,2,3
"67712f6baf2bc007ef222b68b96209",1822,"6/26/2024 11:21:43",3,2,2,3,1,1,1,1,1,1,1,1,0,0,0,0,4,0,1,1,6,1,2,2,5,2,2,3,1,1,4,3,2,2,1.769230769,1.7,5,2,5,3,2,2,4,3,4,3,5,3,5,1,1.5,5,4.5,3,3.5,2.5,"muy mal",1,"No","2 días antes",2,"2 veces",2,"entre 3 y 6 horas",3,"Más",1,3,6,3
"75a414a35df1cc9f50dc62ca45f2e6",1736,"6/26/2024 15:05:36",2,2,1,3,3,2,2,2,1,1,0,1,1,1,1,1,3,4,4,5,5,2,3,3,5,2,3,2,2,5,6,1,4,2,2.923076923,3.3,5.333333333,1.666666667,3,5,1,3,3,5,4,2,5,2,5,2,2.5,5,3,5,3,1.5,"mal",2,"Si","entre 3 y 6 días antes",3,"3 veces",3,"entre 1 y 3 horas",1,"Mucho más",2,2,2,2
"6f1792e97c9ef3a9cc10823d899f60",1730,"7/3/2024 12:00:10",1,2,1,1,1,0,1,1,0,1,0,0,0,0,0,0,1,0,3,3,5,2,3,3,3,4,2,5,2,4,5,2,3,3,3,3.1,4.333333333,2.666666667,4,2,2,3,3,3,4,3,4,2,3,2,2.5,3.5,3.5,2.5,3,2.5,"mal",2,"Si","2 días antes",2,"3 veces",3,"entre 3 y 6 horas",3,"Mucho más",2,5,5,4
"9da06279a15fb37c612b91297422da",1740,"7/1/2024 14:44:03",3,3,2,2,1,1,1,3,1,1,1,1,0,0,0,1,4,1,4,5,2,5,4,6,2,5,4,6,5,6,1,6,5,5,5.076923077,5,1.666666667,5.333333333,3,5,2,3,1,5,1,1,5,3,5,3,3,5,2,5,2,1.5,"muy mal",1,"Si","entre 3 y 6 días antes",3,"5 o más veces",5,"entre 15 y 24 horas",15,"Mucho más",2,6,6,4
"810b711359b06b624e4b19589bf5a0",1740,"7/1/2024 14:40:47",2,2,1,2,3,3,2,3,1,1,0,1,1,1,1,1,3,4,2,3,1,6,1,1,6,1,1,4,2,2,6,1,5,3,2.461538462,2.4,4.333333333,2.666666667,2,5,1,1,3,4,3,2,5,3,5,4,2.5,5,2.5,4.5,3,1.5,"muy mal",1,"Si","2 días antes",2,"3 veces",3,"entre 3 y 6 horas",3,"Mucho más",2,1,1,3
"3bcfd81045607fc2dd3dca03b4dd73",1730,"7/3/2024 12:06:20",3,3,2,3,3,2,2,2,1,1,1,1,1,1,1,1,4,4,2,1,6,1,1,3,5,2,3,3,1,6,5,2,2,3,2.307692308,2.5,5.333333333,1.666666667,4,4,2,2,4,4,3,2,5,5,2,1,1.5,3.5,4,4,4,2,"muy mal",1,"Si","1 semana antes",7,"5 o más veces",5,"entre 3 y 6 horas",3,"Mucho más",2,4,4,3
"03b1f51799676ce901a791f42b847e",1740,"7/1/2024 14:47:16",0,1,1,1,2,1,1,0,0,0,0,0,1,0,0,0,0,1,3,5,4,3,3,4,4,3,3,5,3,5,2,5,4,5,3.923076923,4,3.333333333,3.666666667,4,4,2,4,3,2,3,2,3,3,3,4,4,3,3.5,3,3,2,"más o menos",3,"Si","2 semanas antes",14,"4 veces",4,"entre 10 y 15 horas",10,"Menos",-1,5,5,5
"eb96a8502a18a16e3f9030078ffee3",1704,"6/25/2024 12:02:29",2,3,2,3,2,2,2,2,1,1,1,1,1,1,1,1,4,4,2,4,2,5,2,4,2,5,2,3,1,3,3,4,2,4,3.153846154,2.7,2.333333333,4.666666667,3,3,1,3,4,2,4,2,5,2,5,5,4,5,3.5,2.5,3,1.5,"muy mal",1,"No","entre 3 y 6 días antes",3,"4 veces",4,"entre 3 y 6 horas",3,"Más",1,3,5,3
"ef2729a63ac6810c0a579eec69c3e9",1740,"7/1/2024 14:46:21",2,2,2,1,2,2,1,1,1,1,1,0,1,1,0,0,3,2,5,4,3,4,3,4,3,4,3,4,4,4,4,3,4,4,3.846153846,3.9,3.333333333,3.666666667,4,4,2,4,4,4,4,3,3,5,3,4,4,3,4,4,4.5,2.5,"mal",2,"Si","entre 3 y 6 días antes",3,"4 veces",4,"entre 6 y 10 horas",6,"Más",1,4,5,4
"147c3d513167d299a2bdd9d7ff2686",1708,"7/1/2024 10:08:10",3,3,1,2,3,2,1,2,1,1,0,1,1,1,0,1,3,3,6,3,5,2,4,1,2,5,5,4,5,6,6,1,4,5,3.923076923,4.3,4.333333333,2.666666667,4,5,1,4,1,5,5,3,5,5,5,2,3,5,2.5,5,5,2,"muy bien",5,"Si","1 semana antes",7,"4 veces",4,"entre 3 y 6 horas",3,"Igual",0,2,6,5
"b7cc57b52f474e9b9e65fe25b30d50",1740,"7/1/2024 14:50:24",3,3,2,1,3,3,2,2,1,1,1,0,1,1,1,1,3,4,3,3,4,3,4,2,3,4,2,3,2,5,4,3,3,1,2.923076923,2.8,3.666666667,3.333333333,3,4,1,3,2,5,2,3,3,3,4,3,3,3.5,2.5,4.5,2.5,2,"más o menos",3,"No","2 días antes",2,"3 veces",3,"entre 1 y 3 horas",1,"Más",1,3,2,3
"393125396fb0a66510d6c9c28cc8c2",1708,"7/1/2024 10:07:46",2,2,2,1,1,1,1,1,1,1,1,0,0,0,0,0,3,0,4,4,5,2,3,2,3,4,5,5,3,2,5,2,3,3,3.230769231,3.4,4.333333333,2.666666667,4,2,3,3,4,2,3,3,4,4,5,3,3,4.5,4,2,3.5,3,"más o menos",3,"No","entre 3 y 6 días antes",3,"4 veces",4,"entre 3 y 6 horas",3,"Más",1,3,3,1
"c0fe560629e3cef99b2d1eaec57796",1708,"6/27/2024 12:50:54",2,2,1,0,1,1,0,1,1,1,0,0,0,0,0,0,2,0,4,6,3,4,4,5,3,4,4,6,4,3,3,4,4,5,4.384615385,4.5,3,4,3,5,1,4,5,3,5,1,4,5,3,3,3.5,3.5,4,4,5,1,"más o menos",3,"No","2 semanas antes",14,"5 o más veces",5,"entre 3 y 6 horas",3,"Mucho más",2,1,6,5
"3c7518e6299b99099ac19e4ed34604",1822,"6/26/2024 11:26:15",1,1,1,1,1,0,0,0,0,0,0,0,0,0,0,0,0,0,4,3,4,3,3,3,4,3,3,2,3,6,4,3,2,4,3.230769231,3.3,4,3,5,3,1,4,5,2,4,2,2,4,3,3,3.5,2.5,5,2.5,4,1.5,"mal",2,"No","2 días antes",2,"3 veces",3,"entre 3 y 6 horas",3,"Más",1,3,4,5
"e02749974fbae7b4714bad695d9580",1704,"6/25/2024 12:00:35",1,2,2,1,1,0,0,0,0,1,1,0,0,0,0,0,2,0,4,6,5,2,5,6,3,4,4,5,4,6,6,1,5,5,4.384615385,5,4.666666667,2.333333333,4,3,1,3,4,1,5,1,4,4,3,3,3,3.5,4,2,4.5,1,"mal",2,"Si","entre 3 y 6 días antes",3,"4 veces",4,"entre 6 y 10 horas",6,"Mucho más",2,5,6,6
"42fd7c0b12735e38bc928b0dac5810",1740,"7/1/2024 14:42:45",1,1,1,1,1,1,1,1,0,0,0,0,0,0,0,0,0,0,3,3,3,4,3,3,3,4,4,3,4,5,2,5,3,3,3.615384615,3.4,2.666666667,4.333333333,2,3,3,4,1,2,3,5,2,4,4,3,3.5,3,1.5,2.5,3.5,4,"más o menos",3,"No","entre 3 y 6 días antes",3,"3 veces",3,"entre 6 y 10 horas",6,"Mucho más",2,4,4,4
"188742bc4f27f5a38dc3ecffd7c369",1708,"7/1/2024 10:08:11",1,2,1,1,2,1,1,1,0,1,0,0,1,0,0,0,1,1,6,6,2,5,5,6,3,4,5,6,5,6,4,3,4,6,5.153846154,5.5,3,4,5,3,2,4,4,3,4,2,3,4,4,3,3.5,3.5,4.5,3,4,2,"bien",4,"No","entre 3 y 6 días antes",3,"5 o más veces",5,"entre 6 y 10 horas",6,"Más",1,6,6,6
"586364f2fd6a81300db04cb1b4acaf",1822,"6/26/2024 11:20:52",3,3,2,3,2,1,2,3,1,1,1,1,1,0,1,1,4,3,3,3,5,2,3,4,4,3,3,3,2,3,3,4,3,2,2.923076923,2.9,4,3,3,3,3,3,3,3,3,3,3,4,3,4,3.5,3,3,3,3.5,3,"muy mal",1,"No","entre 3 y 6 días antes",3,"4 veces",4,"entre 6 y 10 horas",6,"Igual",0,3,4,3
"7d0813601a67c2001f64af7c7c6355",1708,"7/1/2024 10:08:42",1,1,2,1,1,2,0,1,0,0,1,0,0,1,0,0,1,1,3,4,4,3,2,3,4,3,3,4,2,5,4,3,3,4,3.230769231,3.3,4,3,3,3,2,3,2,1,3,2,4,2,2,3,3,3,2.5,2,2.5,2,"mal",2,"Si","1 día antes",1,"2 veces",2,"entre 3 y 6 horas",3,"Mucho más",2,1,5,3
"8d42c0f41917514263d556152e0283",1807,"6/27/2024 16:14:30",0,1,1,0,2,2,0,1,0,0,0,0,1,1,0,0,0,2,4,4,2,5,5,3,2,5,5,2,4,4,2,5,5,3,4.153846154,3.9,2,5,3,3,1,3,4,2,2,2,5,4,2,2,2.5,3.5,3.5,2.5,3,1.5,"muy mal",1,"Si","2 días antes",2,"3 veces",3,"entre 1 y 3 horas",1,"Mucho más",2,3,5,4
"9d32fe321e97305fc772035c2216c4",1708,"7/1/2024 10:06:18",2,3,1,2,2,1,1,1,1,1,0,1,1,0,0,0,3,1,4,3,6,1,4,3,4,3,3,4,3,4,5,2,4,1,3,3.3,5,2,3,4,2,2,3,4,3,2,4,4,4,3,2.5,4,3,4,3.5,2,"muy mal",1,"Si","2 días antes",2,"3 veces",3,"entre 3 y 6 horas",3,"Mucho más",2,4,3,3
"2134296a5e2ff3b54486629679132e",1708,"6/27/2024 12:52:58",2,1,1,1,2,2,2,1,1,0,0,0,1,1,1,0,1,3,4,3,4,3,4,3,4,3,3,4,4,3,5,2,4,2,3.230769231,3.4,4.333333333,2.666666667,5,3,2,4,4,2,4,1,5,4,4,2,3,4.5,4.5,2.5,4,1.5,"mal",2,"No","entre 3 y 6 días antes",3,"4 veces",4,"entre 6 y 10 horas",6,"Mucho más",2,5,4,5
"e53bc1eac77bedbd642b8b7eb8c7dc",1708,"6/27/2024 12:57:23",1,1,2,0,2,1,3,2,0,0,1,0,1,0,1,1,1,3,3,3,4,3,2,1,4,3,3,1,4,1,3,4,2,4,2.615384615,2.4,3.666666667,3.333333333,4,5,1,2,1,4,5,2,4,3,3,2,2,3.5,2.5,4.5,4,1.5,"mal",2,"No","No estudié",0,"1 vez",1,"entre 1 y 3 horas",1,"Más",1,4,4,4
"de2da5784ac728f0d33ec552d6cf3a",1730,"7/3/2024 12:07:45",1,2,1,2,3,2,1,2,0,1,0,1,1,1,0,1,2,3,4,4,2,5,5,2,3,4,5,4,3,6,2,5,4,4,4.230769231,4.1,2.333333333,4.666666667,3,5,2,4,1,5,1,1,4,4,3,3,3.5,3.5,2,5,2.5,1.5,"más o menos",3,"Si","entre 3 y 6 días antes",3,"3 veces",3,"entre 3 y 6 horas",3,"Mucho más",2,4,5,4
"36e9f4dccec2183bd9d09eb6b84d45",1708,"7/1/2024 10:09:10",2,2,1,1,1,0,0,0,1,1,0,0,0,0,0,0,2,0,6,6,5,2,5,6,2,5,5,6,6,6,2,5,5,5,5.230769231,5.6,3,4,5,2,1,4,4,1,5,1,4,5,3,4,4,3.5,4.5,1.5,5,1,"mal",2,"Si","entre 3 y 6 días antes",3,"2 veces",2,"entre 15 y 24 horas",15,"Más",1,6,6,6
"b788710e8b74838cef1a89f4232f5e",1704,"6/25/2024 11:58:59",1,3,3,3,2,2,2,0,0,1,1,1,1,1,1,0,3,3,4,4,4,3,4,4,4,3,4,4,4,4,4,3,4,4,3.769230769,4,4,3,4,4,1,3,4,1,4,1,3,4,3,3,3,3,4,2.5,4,1,"más o menos",3,"No","2 días antes",2,"5 o más veces",5,"entre 3 y 6 horas",3,"Más",1,4,4,4
"c55924a1017bedd97718d5706d49aa",1736,"6/26/2024 15:09:16",2,2,1,2,1,3,1,1,1,1,0,1,0,1,0,0,3,1,4,3,3,4,4,5,2,5,5,5,4,6,2,5,6,4,4.615384615,4.6,2.333333333,4.666666667,5,5,2,3,4,5,3,1,3,5,2,3,3,2.5,4.5,5,4,1.5,"bien",4,"No","2 días antes",2,"3 veces",3,"entre 3 y 6 horas",3,"Mucho más",2,6,6,5
"3382d48644fc414fa5fc9f07f12458",1736,"6/26/2024 15:12:19",2,2,1,2,3,1,2,2,1,1,0,1,1,0,1,1,3,3,4,6,4,3,5,5,4,3,3,6,5,5,3,4,4,4,4.384615385,4.7,3.666666667,3.333333333,4,4,1,4,3,2,5,1,5,5,4,2,3,4.5,3.5,3,5,1,"muy mal",1,"No","1 día antes",1,"3 veces",3,"entre 3 y 6 horas",3,"Mucho más",2,4,6,6
"079af14007fd0a825b314792e83b6d",1736,"6/26/2024 15:13:06",2,3,1,1,0,0,1,1,1,1,0,0,0,0,0,0,2,0,4,3,3,4,3,5,4,3,2,6,5,6,1,6,1,6,4.153846154,4.1,2.666666667,4.333333333,5,2,1,5,5,1,4,4,5,3,4,2,3.5,4.5,5,1.5,3.5,2.5,"mal",2,"No","entre 3 y 6 días antes",3,"5 o más veces",5,"entre 6 y 10 horas",6,"Mucho más",2,1,1,1
"d025d7613fb786ca63e37fbdc23328",1708,"6/27/2024 12:54:05",2,3,3,3,2,2,2,3,1,1,1,1,1,1,1,1,4,4,3,5,5,2,4,4,4,3,3,5,2,4,5,2,4,2,3.307692308,3.6,4.666666667,2.333333333,2,5,1,5,2,5,5,1,5,5,5,3,4,5,2,5,5,1,"más o menos",3,"No","2 días antes",2,"1 vez",1,"entre 6 y 10 horas",6,"Mucho más",2,4,4,2
"6c97e5938a4581c797abfbdf5868d6",1708,"6/24/2024 11:43:59",1,2,2,2,2,2,2,1,0,1,1,1,1,1,1,0,3,3,4,4,3,4,4,5,4,3,4,5,4,5,4,3,5,4,4.153846154,4.4,3.666666667,3.333333333,4,4,3,4,4,3,4,3,3,4,3,3,3.5,3,4,3.5,4,3,"más o menos",3,"No","2 semanas antes",14,"5 o más veces",5,"entre 10 y 15 horas",10,"Igual",0,5,6,6
"9b08ee9cd5ae730ac99be9a2e0963a",1736,"6/26/2024 15:07:29",1,2,0,0,3,3,1,3,0,1,0,0,1,1,0,1,1,3,4,5,1,6,6,2,2,5,4,6,1,1,4,3,5,1,3.769230769,3.5,2.333333333,4.666666667,5,1,1,3,5,1,5,1,4,5,3,1,2,3.5,5,1,5,1,"mal",2,"No","2 días antes",2,"5 o más veces",5,"entre 1 y 3 horas",1,"Más",1,1,6,1
"04e89980b99bb75a1c46f9c7ca6b43",1740,"6/27/2024 8:36:31",2,2,2,2,3,1,1,1,1,1,1,1,1,0,0,0,4,1,5,4,5,2,3,5,5,2,2,6,2,4,4,3,2,2,3.230769231,3.5,4.666666667,2.333333333,5,5,4,4,2,1,5,2,5,4,4,2,3,4.5,3.5,3,4.5,3,"muy mal",1,"No","entre 3 y 6 días antes",3,"5 o más veces",5,"entre 1 y 3 horas",1,"Mucho más",2,1,6,1
"165a87ac8029d59cf83145b8441a80",1708,"7/1/2024 10:12:25",2,2,0,1,2,1,2,0,1,1,0,0,1,0,1,0,2,2,2,2,4,3,2,3,4,3,1,5,3,5,6,1,4,3,2.846153846,3,4.666666667,2.333333333,4,3,4,2,4,4,5,1,5,2,4,3,2.5,4.5,4,3.5,3.5,2.5,"más o menos",3,"No","entre 3 y 6 días antes",3,"3 veces",3,"entre 3 y 6 horas",3,"Más",1,5,5,5
"d861251ae33129a9624dc646d1cbcc",1822,"6/24/2024 11:12:26",2,2,1,2,3,2,2,2,1,1,0,1,1,1,1,1,3,4,3,5,3,4,4,4,3,4,4,4,2,5,5,2,4,2,3.615384615,3.7,3.666666667,3.333333333,3,5,1,3,3,4,3,2,5,5,5,3,3,5,3,4.5,4,1.5,"mal",2,"No","entre 3 y 6 días antes",3,"5 o más veces",5,"más de 24 horas",24,"Mucho más",2,6,3,3
"a630768a92802f439a60c270b8562b",1708,"6/27/2024 12:52:10",2,2,1,2,1,2,2,2,1,1,0,1,0,1,1,1,3,3,5,5,4,3,4,4,3,4,4,2,4,4,2,5,4,4,4,4,3,4,4,4,4,3,3,3,2,3,3,4,3,3,3,3,3.5,3.5,3,3.5,"más o menos",3,"No","2 días antes",2,"4 veces",4,"entre 3 y 6 horas",3,"Igual",0,5,5,5
"b84ecacc00028179118402e79c4bf4",1704,"6/25/2024 12:03:37",3,3,3,3,3,3,3,3,1,1,1,1,1,1,1,1,4,4,1,1,6,1,1,2,6,1,1,1,2,1,6,1,1,1,1.153846154,1.2,6,1,2,5,4,2,1,5,2,5,5,2,5,1,1.5,5,1.5,5,2,4.5,"muy mal",1,"No","2 días antes",2,"2 veces",2,"entre 1 y 3 horas",1,"Mucho más",2,1,1,2
"902b2296cd3fae45a726c596feb862",1704,"6/25/2024 12:09:59",1,2,1,1,1,0,0,1,0,1,0,0,0,0,0,0,1,0,4,4,4,3,5,5,5,2,4,5,5,5,2,5,5,5,4.384615385,4.7,3.666666667,3.333333333,3,5,1,4,3,3,5,2,4,5,3,3,3.5,3.5,3,4,5,1.5,"más o menos",3,"No","entre 3 y 6 días antes",3,"3 veces",3,"entre 1 y 3 horas",1,"Más",1,1,1,5
"8d0dd065f2e92c50c4c324d66837ac",1740,"7/1/2024 14:46:08",2,3,2,3,2,2,3,2,1,1,1,1,1,1,1,1,4,4,1,2,3,4,1,2,2,5,2,3,1,2,2,5,2,2,2.461538462,1.8,2.333333333,4.666666667,2,4,2,1,3,3,4,5,5,4,5,2,1.5,5,2.5,3.5,4,3.5,"muy mal",1,"No","entre 3 y 6 días antes",3,"2 veces",2,"entre 6 y 10 horas",6,"Mucho más",2,3,4,3
"0700c3fac2bf9ce6349552bb3254e9",1740,"7/1/2024 14:46:53",0,1,0,1,2,1,0,0,0,0,0,0,1,0,0,0,0,1,6,6,1,6,6,6,1,6,6,6,5,6,1,6,6,1,5.538461538,5.4,1,6,5,5,1,5,5,4,5,1,2,3,4,1,3,3,5,4.5,4,1,"más o menos",3,"Si","2 días antes",2,"2 veces",2,"entre 3 y 6 horas",3,"Igual",0,6,6,5
"afe8d237c9eb69f5b94c62dbd90fde",1708,"7/1/2024 10:06:27",1,1,2,2,2,1,1,2,0,0,1,1,1,0,0,1,2,2,4,6,1,6,6,6,2,5,6,6,6,6,1,6,5,6,5.692307692,5.7,1.333333333,5.666666667,3,4,3,3,3,3,3,1,2,3,3,3,3,2.5,3,3.5,3,2,"bien",4,"Si","entre 3 y 6 días antes",3,"4 veces",4,"entre 3 y 6 horas",3,"Igual",0,3,3,3
"bb3fdbe5a00503e6d0fea9b463eb5f",1740,"7/1/2024 14:42:08",1,2,1,1,0,1,1,1,0,1,0,0,0,0,0,0,1,0,2,2,5,2,2,3,5,2,3,5,3,3,4,3,2,2,2.615384615,2.7,4.666666667,2.333333333,3,3,1,3,3,3,4,1,5,5,4,2,2.5,4.5,3,3,4.5,1,"muy mal",1,"Si","1 día antes",1,"2 veces",2,"entre 1 y 3 horas",1,"Mucho más",2,3,5,2
"74bb931689f05285449c52dc6eee24",1807,"6/27/2024 16:14:42",1,1,1,0,0,0,0,0,0,0,0,0,0,0,0,0,0,0,4,4,3,4,4,6,5,2,4,6,5,6,2,5,3,5,4.461538462,4.7,3.333333333,3.666666667,5,5,1,5,5,1,5,1,2,5,4,4,4.5,3,5,3,5,1,"bien",4,"Si","2 semanas antes",14,"4 veces",4,"entre 15 y 24 horas",15,"Igual",0,6,6,4
"3e6c509941a686a01b9db9297180b9",1708,"6/27/2024 12:52:57",1,1,1,2,3,2,1,1,0,0,0,1,1,1,0,0,1,2,4,5,3,4,3,6,3,4,3,3,3,5,3,4,4,4,4,4,3,4,3,4,1,3,2,5,4,1,3,3,3,3,3,3,2.5,4.5,3.5,1,"más o menos",3,"No","entre 3 y 6 días antes",3,"1 vez",1,"entre 1 y 3 horas",1,"Igual",0,3,3,2
"ec4a0a9cb1c3f0251f39eecda37622",1704,"6/25/2024 12:00:59",1,2,1,2,2,0,1,1,0,1,0,1,1,0,0,0,2,1,4,4,3,4,4,3,3,4,3,6,5,5,3,4,4,3,4.076923077,4.1,3,4,3,5,1,4,4,3,5,1,4,5,3,4,4,3.5,3.5,4,5,1,"mal",2,"No","entre 3 y 6 días antes",3,"3 veces",3,"entre 10 y 15 horas",10,"Mucho más",2,2,3,2
"5c76a1cfdf622ba01c052b94fc8d97",1704,"6/25/2024 12:00:47",1,1,0,0,1,0,0,0,0,0,0,0,0,0,0,0,0,0,4,4,2,5,4,4,2,5,4,5,5,5,2,5,4,4,4.461538462,4.3,2,5,4,1,1,4,4,1,4,1,3,5,1,1,2.5,2,4,1,4.5,1,"bien",4,"No","1 semana antes",7,"3 veces",3,"entre 1 y 3 horas",1,"Más",1,3,3,5
"6f10f43f4631b045a230307a2c09c0",1740,"7/1/2024 14:45:13",2,2,1,1,3,1,0,1,1,1,0,0,1,0,0,0,2,1,5,6,3,4,4,4,4,3,3,6,5,6,4,3,4,3,4.307692308,4.6,3.666666667,3.333333333,5,3,4,4,4,2,3,4,4,4,3,4,4,3.5,4.5,2.5,3.5,4,"mal",2,"Si","entre 3 y 6 días antes",3,"5 o más veces",5,"entre 6 y 10 horas",6,"Mucho más",2,6,4,3
"0139d92debd5bd16fdd202a13dedca",1708,"6/24/2024 11:45:29",1,1,1,0,1,1,1,1,0,0,0,0,0,0,0,0,0,0,4,3,1,6,5,2,2,5,5,1,4,2,1,6,5,4,4,3.5,1.333333333,5.666666667,3,3,1,3,3,2,3,1,1,3,2,3,3,1.5,3,2.5,3,1,"más o menos",3,"No","1 día antes",1,"1 vez",1,"entre 1 y 3 horas",1,"Igual",0,6,6,3
"4c636f8d71e4b1546300af2c1694a9",1740,"7/1/2024 14:40:06",2,1,2,0,3,0,0,0,1,0,1,0,1,0,0,0,2,1,6,4,4,3,5,4,2,5,4,6,4,5,2,5,5,5,4.692307692,4.8,2.666666667,4.333333333,5,4,1,5,5,3,5,2,1,5,1,5,5,1,5,3.5,5,1.5,"más o menos",3,"Si","entre 3 y 6 días antes",3,"2 veces",2,"entre 6 y 10 horas",6,"Igual",0,6,6,5
"161a5c076c9e7dd62aa2df1cb26061",1807,"6/27/2024 16:14:49",2,2,2,1,2,1,3,3,1,1,1,0,1,0,1,1,3,3,6,6,2,5,5,5,2,5,5,4,5,6,1,6,5,5,5.230769231,5.2,1.666666667,5.333333333,5,4,1,2,4,3,1,3,2,1,4,3,2.5,3,4.5,3.5,1,2,"muy bien",5,"Si","1 día antes",1,"3 veces",3,"entre 1 y 3 horas",1,"Igual",0,6,6,6
"736d096c2c52692df3ab36a1562ed5",1708,"7/1/2024 10:07:08",3,3,2,1,3,1,1,1,1,1,1,0,1,0,0,0,3,1,5,6,5,2,5,6,5,2,4,6,4,6,5,2,4,4,4.307692308,5,5,2,4,5,1,3,3,2,5,1,3,5,3,3,3,3,3.5,3.5,5,1,"muy mal",1,"Si","2 días antes",2,"4 veces",4,"entre 3 y 6 horas",3,"Mucho más",2,1,1,4
"a13cfa32a4872db51c48a36b91d426",1730,"7/3/2024 11:57:12",1,1,0,0,1,0,0,0,0,0,0,0,0,0,0,0,0,0,6,6,3,4,5,6,2,5,5,6,6,6,2,5,6,6,5.538461538,5.8,2.333333333,4.666666667,5,2,1,5,5,1,5,1,2,5,1,5,5,1.5,5,1.5,5,1,"bien",4,"Si","1 semana antes",7,"5 o más veces",5,"entre 3 y 6 horas",3,"Igual",0,5,5,4
"7e697d1280ecd0ce58257d237d0488",1736,"6/26/2024 15:11:59",1,1,3,1,3,2,2,2,0,0,1,0,1,1,1,1,1,4,3,4,3,4,3,3,4,3,2,2,3,2,4,3,3,3,2.923076923,2.8,3.666666667,3.333333333,2,5,2,2,1,5,3,2,5,3,5,1,1.5,5,1.5,5,3,2,"muy mal",1,"No","1 día antes",1,"1 vez",1,"entre 1 y 3 horas",1,"Mucho más",2,4,4,6
"f01714ba6e20374aff81096e18b30f",1708,"7/1/2024 10:07:04",2,3,2,3,3,3,3,3,1,1,1,1,1,1,1,1,4,4,3,4,5,2,3,2,4,3,4,5,3,6,6,1,3,4,3.307692308,3.7,5,2,3,4,4,2,3,3,4,1,5,3,4,2,2,4.5,3,3.5,3.5,2.5,"muy mal",1,"No","entre 3 y 6 días antes",3,"5 o más veces",5,"entre 6 y 10 horas",6,"Más",1,3,4,3
"7ab3e12e39fdd29f455a6eaac16686",1708,"6/27/2024 12:56:28",2,1,1,0,0,0,0,0,1,0,0,0,0,0,0,0,1,0,5,5,2,5,5,5,2,5,5,5,5,5,2,5,5,4,4.923076923,4.9,2,5,5,3,1,5,4,1,4,1,1,4,2,4,4.5,1.5,4.5,2,4,1,"muy bien",5,"No","entre 3 y 6 días antes",3,"4 veces",4,"entre 6 y 10 horas",6,"Igual",0,5,5,6
"18764e323c45953ca4968cc1f0c040",1740,"7/1/2024 14:42:12",1,1,1,1,2,1,1,1,0,0,0,0,1,0,0,0,0,1,3,5,4,3,3,5,4,3,3,5,4,5,3,4,3,4,3.846153846,4,3.666666667,3.333333333,3,4,3,4,3,4,4,3,4,4,3,2,3,3.5,3,4,4,3,"muy mal",1,"No","No estudié",0,"3 veces",3,"entre 3 y 6 horas",3,"Mucho más",2,5,5,1
"e2aa5e9ea5da182a3c8c75c9f3f964",1740,"7/1/2024 14:53:10",1,0,1,1,1,0,1,0,0,0,0,0,0,0,0,0,0,0,6,5,2,5,4,5,2,5,5,5,5,5,1,6,5,5,5.076923077,5,1.666666667,5.333333333,4,4,1,5,4,1,4,1,1,4,1,4,4.5,1,4,2.5,4,1,"más o menos",3,"Si","2 días antes",2,"2 veces",2,"entre 3 y 6 horas",3,"Más",1,5,5,4
"3923de937321fa2d17150353b02c13",1708,"6/24/2024 11:45:00",1,1,0,2,1,1,1,1,0,0,0,1,0,0,0,0,1,0,4,4,5,2,4,5,4,3,3,4,4,4,5,2,4,3,3.538461538,3.9,4.666666667,2.333333333,4,5,3,3,3,2,4,1,4,3,4,3,3,4,3.5,3.5,3.5,2,"más o menos",3,"Si","entre 3 y 6 días antes",3,"4 veces",4,"entre 6 y 10 horas",6,"Mucho más",2,4,2,5
"59b788b6b9b85b6e05d45c35e9e7d6",1730,"7/3/2024 12:00:18",1,1,0,1,1,1,1,2,0,0,0,0,0,0,0,1,0,1,4,5,4,3,3,4,4,3,3,5,3,5,4,3,4,3,3.692307692,3.9,4,3,3,4,1,3,3,1,5,1,4,5,3,2,2.5,3.5,3,2.5,5,1,"muy mal",1,"Si","entre 3 y 6 días antes",3,"3 veces",3,"entre 3 y 6 horas",3,"Mucho más",2,5,5,2
"8defefa9591676b739f52060aad482",1822,"6/26/2024 11:22:20",3,2,0,2,2,2,0,0,1,1,0,1,1,1,0,0,3,2,5,4,2,5,5,2,1,6,3,3,3,6,1,6,5,4,4.384615385,4,1.333333333,5.666666667,5,4,3,5,5,1,3,1,5,4,5,1,3,5,5,2.5,3.5,2,"muy mal",1,"No","1 día antes",1,"1 vez",1,"entre 1 y 3 horas",1,"Mucho más",2,5,5,3
"ef65f0df4a9665a34d8cd438ea110d",1708,"6/24/2024 11:45:08",2,2,0,1,1,0,1,1,1,1,0,0,0,0,0,0,2,0,5,6,3,4,4,6,3,4,6,6,5,6,5,2,4,5,4.846153846,5.3,3.666666667,3.333333333,5,5,1,4,5,2,5,1,3,5,3,3,3.5,3,5,3.5,5,1,"más o menos",3,"No","entre 3 y 6 días antes",3,"4 veces",4,"entre 3 y 6 horas",3,"Mucho más",2,6,6,2
"445d0f3cf2717d12d76fbab3ba96bb",1704,"6/25/2024 12:01:54",2,3,1,2,3,1,1,1,1,1,0,1,1,0,0,0,3,1,3,4,4,3,3,3,3,4,2,5,5,4,2,5,3,3,3.615384615,3.5,3,4,4,4,1,3,2,2,4,1,5,2,5,2,2.5,5,3,3,3,1,"más o menos",3,"No","2 días antes",2,"5 o más veces",5,"entre 10 y 15 horas",10,"Mucho más",2,6,3,3
"09a6f981b89949a9f306e89c419c24",1708,"6/27/2024 12:53:35",1,2,0,1,2,0,0,1,0,1,0,0,1,0,0,0,1,1,4,5,4,3,4,3,5,2,4,4,4,6,4,3,3,3,3.692307692,4,4.333333333,2.666666667,4,4,1,4,3,2,4,1,4,4,4,4,4,4,3.5,3,4,1,"bien",4,"No","entre 3 y 6 días antes",3,"4 veces",4,"entre 6 y 10 horas",6,"Igual",0,4,4,4
"3940087a17193912491df284dcaf27",1736,"6/26/2024 15:16:20",1,1,0,0,1,1,0,0,0,0,0,0,0,0,0,0,0,0,3,5,3,4,4,2,3,4,3,6,5,4,3,4,4,4,4,4,3,4,3,4,1,4,2,2,5,1,4,4,4,2,3,4,2.5,3,4.5,1,"más o menos",3,"No","2 días antes",2,"3 veces",3,"entre 3 y 6 horas",3,"Más",1,4,5,5
"7815569e880c034e4b46efcba740b2",1740,"7/1/2024 14:39:48",2,2,2,2,2,2,2,2,1,1,1,1,1,1,1,1,4,4,5,5,5,2,5,5,5,2,5,5,5,5,5,2,5,5,4.307692308,5,5,2,5,4,1,4,4,4,4,4,4,4,4,4,4,4,4.5,4,4,2.5,"más o menos",3,"Si","1 día antes",1,"1 vez",1,"entre 3 y 6 horas",3,"Mucho más",2,3,1,1
"3bf16eacf06ac11e7c8805e4893d17",1730,"7/3/2024 11:58:12",1,2,1,2,3,1,1,0,0,1,0,1,1,0,0,0,2,1,5,3,4,3,5,3,2,5,2,3,5,4,2,5,5,5,4.076923077,4,2.666666667,4.333333333,4,3,1,4,3,3,4,2,3,3,4,2,3,3.5,3.5,3,3.5,1.5,"muy mal",1,"Si","1 día antes",1,"3 veces",3,"entre 1 y 3 horas",1,"Mucho más",2,4,5,6
"369148f9f968a43045445abcb1f89a",1822,"6/26/2024 11:22:51",3,3,1,2,3,2,3,3,1,1,0,1,1,1,1,1,3,4,2,4,6,1,2,4,6,1,2,4,1,4,6,1,3,2,2.384615385,2.8,6,1,3,4,2,1,2,2,3,2,5,3,5,2,1.5,5,2.5,3,3,2,"muy mal",1,"No","entre 3 y 6 días antes",3,"3 veces",3,"entre 6 y 10 horas",6,"Más",1,3,3,2
"04c558f2ef830d2548f7053e637f59",1736,"6/26/2024 15:05:39",1,2,2,3,1,1,1,0,0,1,1,1,0,0,0,0,3,0,6,5,1,6,6,5,1,6,6,5,6,6,2,5,6,6,5.692307692,5.7,1.333333333,5.666666667,4,4,1,5,5,1,5,1,1,4,2,5,5,1.5,4.5,2.5,4.5,1,"bien",4,"No","2 días antes",2,"4 veces",4,"entre 3 y 6 horas",3,"Más",1,6,6,5
"67f53ee998b52362c44678c8e6c107",1704,"6/25/2024 11:58:55",1,2,0,1,1,0,0,0,0,1,0,0,0,0,0,0,1,0,5,5,4,3,4,5,4,3,2,4,4,4,2,5,4,4,4,4.1,3.333333333,3.666666667,5,3,1,5,4,1,5,1,1,5,1,4,4.5,1,4.5,2,5,1,"mal",2,"No","entre 3 y 6 días antes",3,"5 o más veces",5,"entre 3 y 6 horas",3,"Más",1,6,6,6
"63995f4fd5dd5022b28381f517594b",1822,"6/24/2024 22:58:03",1,2,0,1,1,0,0,0,0,1,0,0,0,0,0,0,1,0,5,5,2,5,5,6,3,4,5,4,4,4,2,5,5,5,4.769230769,4.8,2.333333333,4.666666667,5,3,1,5,5,1,5,1,3,5,2,3,4,2.5,5,2,5,1,"mal",2,"No","2 días antes",2,"5 o más veces",5,"entre 15 y 24 horas",15,"Mucho más",2,3,5,4
"f729cef22910b95a9997bcd52c67a6",1704,"6/25/2024 12:00:00",0,0,0,0,0,0,0,0,0,0,0,0,0,0,0,0,0,0,6,6,1,6,6,6,1,6,6,6,6,6,1,6,6,6,6,6,1,6,5,5,1,5,5,1,5,5,1,5,1,5,5,1,5,3,5,3,"muy bien",5,"No","entre 3 y 6 días antes",3,"5 o más veces",5,"entre 3 y 6 horas",3,"Más",1,6,6,5
"e7e3022cadbf898f9b4494319fc6dc",1708,"7/1/2024 10:11:14",2,2,1,2,1,0,1,0,1,1,0,1,0,0,0,0,3,0,5,5,4,3,6,4,4,3,5,4,5,5,4,3,5,4,4.384615385,4.8,4,3,4,4,2,5,5,3,4,2,3,4,4,3,4,3.5,4.5,3.5,4,2,"más o menos",3,"Si","2 semanas antes",14,"5 o más veces",5,"entre 10 y 15 horas",10,"Igual",0,6,6,4
"9f8fcb5934f321a03115a1c09cb18e",1822,"6/24/2024 11:16:16",2,1,1,1,2,0,1,0,1,0,0,0,1,0,0,0,1,1,3,4,5,2,2,4,4,3,3,4,4,3,3,4,2,2,3.076923077,3.1,4,3,4,3,2,3,4,3,2,2,3,3,3,3,3,3,4,3,2.5,2,"más o menos",3,"No","entre 3 y 6 días antes",3,"5 o más veces",5,"entre 1 y 3 horas",1,"Mucho más",2,6,6,2
"7242d0a3e438e5bed15a614a06f730",1704,"6/24/2024 15:56:02",2,2,1,2,2,1,1,1,1,1,0,1,1,0,0,0,3,1,4,2,4,3,3,4,4,3,2,3,3,4,4,3,4,3,3.153846154,3.2,4,3,3,2,2,3,3,3,4,2,3,3,4,3,3,3.5,3,2.5,3.5,2,"mal",2,"No","entre 3 y 6 días antes",3,"3 veces",3,"entre 3 y 6 horas",3,"Más",1,5,5,3
"f6ceeae8cd7e48886264d1903858ab",1708,"6/24/2024 11:43:46",1,1,0,1,1,0,0,0,0,0,0,0,0,0,0,0,0,0,5,5,2,5,5,4,2,5,5,5,6,5,1,6,5,4,5,4.9,1.666666667,5.333333333,5,3,1,4,4,2,4,2,1,4,2,4,4,1.5,4.5,2.5,4,1.5,"muy bien",5,"No","entre 3 y 6 días antes",3,"4 veces",4,"entre 6 y 10 horas",6,"Igual",0,5,5,6
"6ea0db0f1d943920a93a0ccdc5fca0",1704,"6/25/2024 12:00:26",1,2,1,2,3,1,2,2,0,1,0,1,1,0,1,1,2,3,4,3,3,4,2,3,3,4,4,4,4,4,2,5,3,2,3.538461538,3.3,2.666666667,4.333333333,5,5,1,3,3,2,4,2,3,3,3,3,3,3,4,3.5,3.5,1.5,"bien",4,"No","entre 3 y 6 días antes",3,"4 veces",4,"entre 3 y 6 horas",3,"Mucho más",2,4,4,4
"09f23cf583018092ce1ecbfe977424",1708,"6/27/2024 12:54:55",1,2,2,3,1,2,0,1,0,1,1,1,0,1,0,0,3,1,5,6,5,2,3,6,4,3,4,6,3,6,4,3,5,6,4.461538462,5,4.333333333,2.666666667,2,3,1,2,4,3,1,1,4,1,1,3,2.5,2.5,3,3,1,1,"muy mal",1,"Si","entre 3 y 6 días antes",3,"3 veces",3,"entre 10 y 15 horas",10,"Igual",0,3,3,2
"1f03601f5ab09fe9a7dfb69b4ee304",1730,"7/3/2024 11:58:14",0,2,2,1,3,3,2,3,0,1,1,0,1,1,1,1,2,4,5,3,1,6,5,2,3,4,1,1,3,1,3,4,4,1,3.076923077,2.6,2.333333333,4.666666667,3,5,2,2,1,5,2,1,3,3,4,2,2,3.5,2,5,2.5,1.5,"muy mal",1,"No","No estudié",0,"1 vez",1,"entre 1 y 3 horas",1,"Igual",0,3,4,3
"72251b474f9f09d29170db2952565f",1730,"7/3/2024 12:02:50",1,1,1,1,2,0,0,0,0,0,0,0,1,0,0,0,0,1,6,6,6,1,6,6,2,5,5,6,6,6,2,5,6,6,5.384615385,5.9,3.333333333,3.666666667,4,1,1,5,4,1,3,2,3,4,1,3,4,2,4,1,3.5,1.5,"más o menos",3,"Si","entre 3 y 6 días antes",3,"4 veces",4,"entre 6 y 10 horas",6,"Más",1,4,4,4
"c6541326271c3f5e6bd62ade4d9782",1822,"6/26/2024 11:25:38",2,3,1,3,2,1,2,1,1,1,0,1,1,0,1,0,3,2,4,5,3,4,4,6,3,4,4,3,4,5,3,4,3,4,4.153846154,4.2,3,4,3,3,2,2,3,4,4,2,3,3,3,3,2.5,3,3,3.5,3.5,2,"más o menos",3,"No","entre 3 y 6 días antes",3,"4 veces",4,"entre 6 y 10 horas",6,"Mucho más",2,4,3,4
"7d67dac75e0b4afc1fefc63d99b376",1822,"6/26/2024 11:22:38",1,1,0,0,1,0,0,0,0,0,0,0,0,0,0,0,0,0,6,6,1,6,6,6,1,6,6,6,6,6,1,6,6,6,6,6,1,6,5,2,1,5,5,1,5,1,1,5,1,5,5,1,5,1.5,5,1,"muy bien",5,"No","2 días antes",2,"3 veces",3,"entre 1 y 3 horas",1,"Igual",0,6,6,6
"cb4723edd0c77e10f3f95fed91a9a6",1822,"6/26/2024 11:21:55",1,1,1,1,2,0,0,1,0,0,0,0,1,0,0,0,0,1,6,6,2,5,6,6,2,5,6,6,5,6,1,6,5,5,5.615384615,5.7,1.666666667,5.333333333,3,5,2,5,4,2,1,3,2,3,1,5,5,1.5,3.5,3.5,2,2.5,"muy bien",5,"No","3 semanas antes o más",21,"5 o más veces",5,"entre 15 y 24 horas",15,"Más",1,6,3,4
"1b45236b99ffb739b40b949c709701",1708,"7/1/2024 10:32:47",1,1,1,1,2,1,0,0,0,0,0,0,1,0,0,0,0,1,4,5,2,5,5,4,2,5,5,5,6,5,2,5,5,4,4.846153846,4.8,2,5,4,4,4,4,3,4,4,2,1,4,3,4,4,2,3.5,4,4,3,"más o menos",3,"Si","entre 3 y 6 días antes",3,"4 veces",4,"entre 3 y 6 horas",3,"Igual",0,5,5,5
"ecd93785bb880d7c8a74b59d67aa59",1708,"7/1/2024 10:08:35",1,1,2,1,2,1,0,1,0,0,1,0,1,0,0,0,1,1,6,6,1,6,6,6,1,6,6,6,6,6,1,6,6,6,6,6,1,6,5,4,1,5,5,3,5,1,4,5,1,5,5,2.5,5,3.5,5,1,"muy bien",5,"Si","2 días antes",2,"2 veces",2,"entre 6 y 10 horas",6,"Igual",0,6,6,2
"6abcf95996ed58a09ad1fccb4aad55",1822,"6/26/2024 11:21:20",2,2,2,2,2,1,1,0,1,1,1,1,1,0,0,0,4,1,3,5,3,4,3,4,4,3,4,4,3,4,3,4,3,3,3.615384615,3.6,3.333333333,3.666666667,3,3,3,3,3,3,3,3,3,3,3,3,3,3,3,3,3,3,"mal",2,"No","entre 3 y 6 días antes",3,"4 veces",4,"entre 3 y 6 horas",3,"Mucho más",2,5,5,5
"0247862559b3ed4fbff068f63cb593",1822,"6/24/2024 11:12:12",2,3,1,2,3,1,1,1,1,1,0,1,1,0,0,0,3,1,4,4,3,4,4,6,3,4,3,5,2,5,4,3,3,6,4.076923077,4.2,3.333333333,3.666666667,4,3,1,3,4,2,4,4,4,3,3,3,3,3.5,4,2.5,3.5,2.5,"más o menos",3,"No","3 semanas antes o más",21,"5 o más veces",5,"entre 3 y 6 horas",3,"Más",1,6,6,5
"8fd9f7bd4bf642528be1a9380071d0",1736,"6/26/2024 15:12:54",1,1,1,1,2,1,1,0,0,0,0,0,1,0,0,0,0,1,5,3,3,4,5,2,3,4,6,3,6,2,3,4,3,5,4,4,3,4,4,4,2,4,3,2,2,1,3,3,3,3,3.5,3,3.5,3,2.5,1.5,"más o menos",3,"No","entre 3 y 6 días antes",3,"5 o más veces",5,"entre 3 y 6 horas",3,"Mucho más",2,6,6,6
"5b91b72b4af397df5f66739c4bb89c",1822,"7/2/2024 21:06:43",2,3,2,3,2,2,3,3,1,1,1,1,1,1,1,1,4,4,2,4,3,4,3,5,6,1,5,1,1,3,4,3,3,4,3,3.1,4.333333333,2.666666667,3,1,3,2,2,4,3,2,5,4,5,2,2,5,2.5,2.5,3.5,2.5,"muy mal",1,"Si","entre 3 y 6 días antes",3,"4 veces",4,"entre 3 y 6 horas",3,"Mucho más",2,6,4,3
"c9b1e9d4a2bcb64989613893040f6d",1822,"6/24/2024 11:18:04",2,3,3,3,3,1,2,2,1,1,1,1,1,0,1,1,4,3,3,4,6,1,3,6,6,1,4,6,3,6,6,1,3,4,3.461538462,4.2,6,1,1,1,3,3,4,1,4,1,5,2,5,3,3,5,2.5,1,3,2,"mal",2,"Si","2 semanas antes",14,"5 o más veces",5,"más de 24 horas",24,"Mucho más",2,6,5,3
"ac49a57958c228fc68de1104cb7f07",1708,"6/27/2024 12:53:18",2,2,2,1,1,1,1,0,1,1,1,0,0,0,0,0,3,0,4,3,2,5,4,5,2,5,2,3,4,5,2,5,4,4,4.076923077,3.8,2,5,4,3,2,3,3,2,3,2,4,3,3,2,2.5,3.5,3.5,2.5,3,2,"mal",2,"No","entre 3 y 6 días antes",3,"3 veces",3,"entre 3 y 6 horas",3,"Mucho más",2,4,2,3
"7f659f5cef858eae931913211f6dcd",1704,"6/25/2024 11:59:25",2,2,0,1,2,1,1,2,1,1,0,0,1,0,0,1,2,2,3,4,4,3,3,4,4,3,3,4,3,5,5,2,4,4,3.461538462,3.7,4.333333333,2.666666667,4,3,1,3,3,2,4,1,4,4,3,3,3,3.5,3.5,2.5,4,1,"mal",2,"No","1 semana antes",7,"4 veces",4,"entre 6 y 10 horas",6,"Mucho más",2,3,3,2
"2d882c04e469b33dc371d18e047234",1708,"7/1/2024 10:06:55",2,3,2,2,3,1,2,2,1,1,1,1,1,0,1,1,4,3,2,3,6,1,2,5,5,2,1,4,1,4,6,1,3,4,2.538461538,2.9,5.666666667,1.333333333,4,5,5,1,5,4,3,2,5,3,5,2,1.5,5,4.5,4.5,3,3.5,"muy mal",1,"Si","1 semana antes",7,"5 o más veces",5,"entre 3 y 6 horas",3,"Más",1,3,4,5
"d2fa66ede6a51b81ccd47315035c62",1730,"7/3/2024 11:58:25",2,3,1,2,2,2,1,1,1,1,0,1,1,1,0,0,3,2,4,4,3,4,3,3,2,5,3,6,3,5,4,3,3,4,3.846153846,3.8,3,4,3,4,1,4,3,3,4,1,3,4,4,3,3.5,3.5,3,3.5,4,1,"mal",2,"No","entre 3 y 6 días antes",3,"3 veces",3,"entre 3 y 6 horas",3,"Más",1,4,2,2
"a93a08e2c4b4c7eb0c61fe01da5361",1822,"6/26/2024 13:52:04",2,1,2,1,1,1,2,1,1,0,1,0,0,0,1,0,2,1,4,3,5,2,4,5,4,3,3,5,3,4,3,4,3,3,3.538461538,3.7,4,3,3,3,2,3,3,3,3,3,3,3,3,3,3,3,3,3,3,2.5,"más o menos",3,"Si","entre 3 y 6 días antes",3,"3 veces",3,"entre 10 y 15 horas",10,"Más",1,4,4,4
"5eb763f2e25a3244a1004ea44587bd",1730,"7/3/2024 11:57:08",1,2,2,3,2,3,1,2,0,1,1,1,1,1,0,1,3,3,4,2,4,3,3,2,4,3,1,4,2,6,3,4,5,3,3.230769231,3.2,3.666666667,3.333333333,4,5,1,3,3,1,4,2,5,4,5,2,2.5,5,3.5,3,4,1.5,"más o menos",3,"Si","entre 3 y 6 días antes",3,"3 veces",3,"entre 3 y 6 horas",3,"Más",1,6,6,4
"c8408df6a133b833f8d9de59b610df",1704,"6/25/2024 12:02:05",1,1,2,2,1,0,0,0,0,0,1,1,0,0,0,0,2,0,5,6,2,5,5,3,2,5,4,5,5,5,1,6,5,5,4.923076923,4.8,1.666666667,5.333333333,4,3,1,5,4,3,5,2,2,4,2,4,4.5,2,4,3,4.5,1.5,"más o menos",3,"No","2 días antes",2,"4 veces",4,"entre 6 y 10 horas",6,"Igual",0,6,6,6
"ce4a6b8dec77ccca992e652dea1dbb",1704,"6/25/2024 12:02:16",1,2,2,1,1,1,1,0,0,1,1,0,0,0,0,0,2,0,5,6,2,5,4,5,2,5,5,4,5,6,4,3,4,4,4.692307692,4.8,2.666666667,4.333333333,3,1,4,5,5,3,5,2,2,4,2,4,4.5,2,4,2,4.5,3,"bien",4,"No","2 días antes",2,"4 veces",4,"entre 1 y 3 horas",1,"Mucho más",2,4,4,4
"ae222027c117910a5d08f19c53f728",1708,"6/27/2024 12:52:01",2,3,1,1,1,0,1,1,1,1,0,0,0,0,0,0,2,0,3,3,4,3,3,3,5,2,4,4,3,4,4,3,3,4,3.230769231,3.4,4.333333333,2.666666667,4,3,2,4,3,1,4,2,5,4,3,2,3,4,3.5,2,4,2,"mal",2,"No","1 semana antes",7,"3 veces",3,"entre 3 y 6 horas",3,"Mucho más",2,5,6,6
"37687c5448c58a398bd041f0218921",1708,"6/24/2024 11:43:43",2,3,2,2,2,0,2,1,1,1,1,1,1,0,1,0,4,2,4,3,3,4,3,2,4,3,2,4,3,3,2,5,3,3,3.230769231,3,3,4,4,3,4,3,3,5,3,2,4,4,4,2,2.5,4,3.5,4,3.5,3,"más o menos",3,"No","2 días antes",2,"2 veces",2,"entre 3 y 6 horas",3,"Mucho más",2,4,6,1
"876d52f357c9f2cf3be3ea67df0933",1740,"7/1/2024 14:40:41",1,1,2,1,1,1,2,3,0,0,1,0,0,0,1,1,1,2,3,5,3,4,3,4,4,3,3,3,3,3,3,4,3,3,3.384615385,3.3,3.333333333,3.666666667,4,3,5,3,3,2,4,4,5,3,5,2,2.5,5,3.5,2.5,3.5,4.5,"muy mal",1,"Si","entre 3 y 6 días antes",3,"3 veces",3,"entre 6 y 10 horas",6,"Igual",0,4,6,1
"aca17163dd1e8abf4fcf6f818ddea2",1740,"7/1/2024 14:42:42",3,3,2,3,2,3,3,3,1,1,1,1,1,1,1,1,4,4,2,2,5,2,2,2,3,4,2,5,2,2,6,1,2,2,2.307692308,2.3,4.666666667,2.333333333,4,2,4,2,2,3,4,4,4,4,4,2,2,4,3,2.5,4,4,"muy mal",1,"Si","1 semana antes",7,"5 o más veces",5,"entre 15 y 24 horas",15,"Mucho más",2,6,6,4
"c2156a3d9a900a757b5d4e44f4d3f7",1822,"6/26/2024 11:24:07",1,1,1,1,1,0,0,0,0,0,0,0,0,0,0,0,0,0,4,5,3,4,5,5,2,5,5,5,6,5,2,5,5,5,4.923076923,5,2.333333333,4.666666667,4,3,2,3,3,2,3,2,2,4,2,4,3.5,2,3.5,2.5,3.5,2,"bien",4,"No","entre 3 y 6 días antes",3,"4 veces",4,"entre 6 y 10 horas",6,"Igual",0,3,6,6
"ec33669340613a30b2ccccb282d2ea",1704,"6/25/2024 12:03:13",1,2,0,1,1,0,0,1,0,1,0,0,0,0,0,0,1,0,4,4,4,3,4,5,3,4,4,5,4,5,4,3,5,5,4.230769231,4.5,3.666666667,3.333333333,4,4,1,4,3,4,2,1,5,3,3,3,3.5,4,3.5,4,2.5,1,"mal",2,"No","2 semanas antes",14,"5 o más veces",5,"entre 15 y 24 horas",15,"Mucho más",2,6,6,2
"8bde6f6d2432d0bae93f49873bbb5e",1730,"7/3/2024 11:58:26",1,1,0,1,1,0,0,0,0,0,0,0,0,0,0,0,0,0,5,4,3,4,4,4,3,4,4,4,6,5,2,5,5,6,4.615384615,4.7,2.666666667,4.333333333,5,4,1,5,5,1,4,1,1,5,1,5,5,1,5,2.5,4.5,1,"bien",4,"Si","2 días antes",2,"5 o más veces",5,"entre 1 y 3 horas",1,"Más",1,6,6,6
"f043e4518f5b5bac26fc16590da8a8",1740,"7/1/2024 14:42:40",1,1,0,0,1,0,0,0,0,0,0,0,0,0,0,0,0,0,6,6,2,5,6,6,5,2,6,6,6,6,1,6,6,6,5.615384615,6,2.666666667,4.333333333,5,5,2,5,5,1,3,1,1,5,1,5,5,1,5,3,4,1.5,"bien",4,"Si","1 semana antes",7,"3 veces",3,"entre 10 y 15 horas",10,"Menos",-1,3,3,3
"e15abc517e4803521e88dd059176be",1822,"6/26/2024 11:21:02",2,2,2,2,2,1,1,1,1,1,1,1,1,0,0,0,4,1,4,4,4,3,4,4,4,3,4,4,4,4,4,3,4,4,3.769230769,4,4,3,3,3,3,3,3,3,3,3,3,3,3,3,3,3,3,3,3,3,"más o menos",3,"Si","1 semana antes",7,"5 o más veces",5,"entre 6 y 10 horas",6,"Más",1,4,4,4
"674788054d2aaedb2eaa2f096fa9ef",1822,"6/26/2024 11:23:29",3,2,3,2,2,1,3,3,1,1,1,1,1,0,1,1,4,3,3,4,4,3,3,3,3,4,3,5,1,3,6,1,5,3,3.153846154,3.3,4.333333333,2.666666667,3,3,1,2,2,2,4,1,5,5,5,5,3.5,5,2.5,2.5,4.5,1,"muy mal",1,"No","1 semana antes",7,"5 o más veces",5,"entre 10 y 15 horas",10,"Mucho más",2,4,3,3
"abe892f245598d2f7573a67f0b2c41",1708,"7/1/2024 10:05:30",2,1,0,0,1,0,0,0,1,0,0,0,0,0,0,0,1,0,5,5,4,3,4,5,4,3,4,5,5,5,5,2,6,6,4.461538462,5,4.333333333,2.666666667,5,2,1,4,5,1,5,1,4,5,3,3,3.5,3.5,5,1.5,5,1,"más o menos",3,"Si","2 semanas antes",14,"2 veces",2,"entre 3 y 6 horas",3,"Igual",0,3,4,5
"1383c6ec7542595f1bc520845f4b5c",1708,"6/27/2024 12:56:22",1,2,1,2,2,1,1,1,0,1,0,1,1,0,0,0,2,1,4,4,3,4,3,4,4,3,4,4,5,5,3,4,4,5,4.076923077,4.2,3.333333333,3.666666667,3,4,1,4,4,2,4,1,2,4,3,4,4,2.5,3.5,3,4,1,"bien",4,"No","entre 3 y 6 días antes",3,"4 veces",4,"entre 6 y 10 horas",6,"Más",1,4,5,4
"ff70ce99eab571db0266f57a76038a",1736,"6/26/2024 15:09:09",1,2,2,1,2,1,1,0,0,1,1,0,1,0,0,0,2,1,4,5,3,4,4,5,2,5,3,4,3,5,4,3,4,4,4.076923077,4.1,3,4,2,4,2,3,3,4,5,4,4,3,3,4,3.5,3.5,2.5,4,4,3,"más o menos",3,"No","entre 3 y 6 días antes",3,"3 veces",3,"entre 3 y 6 horas",3,"Más",1,3,4,4
"af52dfffc34e7bcc9efc6bdde5af9c",1740,"7/1/2024 14:48:15",1,1,1,0,1,0,0,0,0,0,0,0,0,0,0,0,0,0,5,6,1,6,5,6,2,5,5,5,6,5,1,6,6,5,5.461538462,5.4,1.333333333,5.666666667,5,3,1,5,5,1,5,1,1,5,1,4,4.5,1,5,2,5,1,"más o menos",3,"Si","1 día antes",1,"4 veces",4,"entre 3 y 6 horas",3,"Más",1,4,5,5
"b186f31bc76cdf273e53c839f67835",1708,"6/27/2024 12:50:05",2,2,1,1,2,2,2,2,1,1,0,0,1,1,1,1,2,4,1,2,5,2,3,1,5,2,2,2,2,3,5,2,3,1,2,2,5,2,5,5,4,4,1,2,3,2,4,3,5,1,2.5,4.5,3,3.5,3,3,"más o menos",3,"No","1 día antes",1,"2 veces",2,"entre 1 y 3 horas",1,"Mucho más",2,5,6,5
"396ec1e5acdd47be1faf0e5831fae3",1708,"6/24/2024 11:44:04",1,1,0,2,3,2,1,1,0,0,0,1,1,1,0,0,1,2,6,6,4,3,5,6,2,5,4,5,6,5,5,2,5,4,4.769230769,5.2,3.666666667,3.333333333,4,5,4,4,3,2,2,3,2,4,2,5,4.5,2,3.5,3.5,3,3.5,"más o menos",3,"No","1 semana antes",7,"5 o más veces",5,"entre 10 y 15 horas",10,"Igual",0,3,2,5
"1b8374fbdfaa967d5037431539c364",1708,"7/1/2024 10:06:27",2,2,1,1,2,0,1,1,1,1,0,0,1,0,0,0,2,1,5,6,4,3,4,5,5,2,4,6,6,6,5,2,5,5,4.538461538,5.2,4.666666667,2.333333333,5,3,1,5,5,4,5,2,3,4,2,4,4.5,2.5,5,3.5,4.5,1.5,"más o menos",3,"Si","entre 3 y 6 días antes",3,"5 o más veces",5,"entre 6 y 10 horas",6,"Más",1,4,4,6
"e0cc8efd6b90918c2615cfee051a5f",1740,"7/1/2024 14:48:42",2,2,1,1,2,2,1,1,1,1,0,0,1,1,0,0,2,2,4,5,4,3,3,4,4,3,3,3,3,4,5,2,4,3,3.384615385,3.6,4.333333333,2.666666667,3,3,2,3,4,2,3,2,3,4,4,2,2.5,3.5,3.5,2.5,3.5,2,"mal",2,"No","3 semanas antes o más",21,"2 veces",2,"entre 1 y 3 horas",1,"Mucho más",2,1,2,2
"d7bdec10d66728fc95b7f1867beb4a",1708,"6/24/2024 11:43:36",1,2,1,1,1,1,1,0,0,1,0,0,0,0,0,0,1,0,4,4,4,3,4,2,3,4,4,3,4,5,4,3,4,3,3.615384615,3.7,3.666666667,3.333333333,4,4,2,3,3,3,3,2,4,2,3,2,2.5,3.5,3.5,3.5,2.5,2,"más o menos",3,"No","2 días antes",2,"3 veces",3,"entre 1 y 3 horas",1,"Más",1,2,2,2
"d489f497b899c9f0fd398cdff5b158",1822,"6/24/2024 11:14:40",2,2,2,2,1,1,2,2,1,1,1,1,0,0,1,1,4,2,4,5,5,2,5,5,3,4,4,5,5,5,2,5,4,5,4.461538462,4.7,3.333333333,3.666666667,3,3,4,4,4,4,4,2,4,4,5,4,4,4.5,3.5,3.5,4,3,"más o menos",3,"No","entre 3 y 6 días antes",3,"4 veces",4,"entre 10 y 15 horas",10,"Igual",0,6,6,5
"11983837a28d3d280a926518135857",1822,"6/24/2024 11:13:57",3,2,2,3,2,1,2,1,1,1,1,1,1,0,1,0,4,2,3,4,3,4,3,3,3,4,3,3,4,3,5,2,3,4,3.307692308,3.3,3.666666667,3.333333333,5,3,1,4,5,1,3,1,5,4,4,4,4,4.5,5,2,3.5,1,"muy mal",1,"No","1 semana antes",7,"5 o más veces",5,"entre 15 y 24 horas",15,"Mucho más",2,6,6,6
"d0d4de5de8ef952c44f86bbedac223",1807,"6/27/2024 16:15:53",3,3,2,2,3,1,2,1,1,1,1,1,1,0,1,0,4,2,4,2,4,3,3,2,3,4,3,3,1,2,5,2,5,2,2.769230769,2.7,4,3,4,2,1,2,3,1,4,1,5,3,4,3,2.5,4.5,3.5,1.5,3.5,1,"mal",2,"Si","entre 3 y 6 días antes",3,"2 veces",2,"entre 3 y 6 horas",3,"Mucho más",2,3,1,2
"7837b9df5811e8d65a08bec17d4c9a",1736,"6/26/2024 15:12:26",0,1,0,0,0,0,0,0,0,0,0,0,0,0,0,0,0,0,6,6,1,6,6,6,1,6,6,6,6,6,1,6,6,6,6,6,1,6,5,2,1,5,5,1,5,1,2,5,1,5,5,1.5,5,1.5,5,1,"muy bien",5,"No","2 semanas antes",14,"4 veces",4,"entre 6 y 10 horas",6,"Más",1,4,6,5
"c4d3b96648c20db8ca8970d5b46ed5",1708,"6/24/2024 11:44:22",2,2,1,2,3,1,1,3,1,1,0,1,1,0,0,1,3,2,4,5,3,4,4,5,2,5,5,4,3,5,3,4,5,4,4.384615385,4.4,2.666666667,4.333333333,4,5,5,2,4,2,4,1,5,4,5,3,2.5,5,4,3.5,4,3,"más o menos",3,"Si","entre 3 y 6 días antes",3,"3 veces",3,"entre 3 y 6 horas",3,"Mucho más",2,6,6,5
"7307cecc793c9e46f5796d92447f46",1708,"7/1/2024 10:06:10",1,2,2,3,3,1,2,1,0,1,1,1,1,0,1,0,3,2,4,3,2,5,4,3,4,3,4,3,3,4,3,4,4,6,3.846153846,3.8,3,4,2,5,3,4,4,4,5,2,5,4,5,2,3,5,3,4.5,4.5,2.5,"mal",2,"Si","No estudié",0,"1 vez",1,"entre 1 y 3 horas",1,"Más",1,5,5,6
"a74b064eaa14e2f45039ea95489465",1822,"6/26/2024 11:22:39",2,2,2,2,2,1,2,1,1,1,1,1,1,0,1,0,4,2,2,3,5,2,2,3,5,2,3,3,2,3,5,2,2,3,2.461538462,2.6,5,2,3,4,2,2,2,3,4,2,5,3,5,1,1.5,5,2.5,3.5,3.5,2,"mal",2,"No","entre 3 y 6 días antes",3,"5 o más veces",5,"más de 24 horas",24,"Mucho más",2,6,1,3
"54d81eac3e4b2768e9fd0cd01c0195",1704,"6/25/2024 12:00:38",1,1,0,0,1,2,0,0,0,0,0,0,0,1,0,0,0,1,4,3,3,4,5,3,4,3,4,4,5,5,2,5,5,4,4.153846154,4.2,3,4,5,5,2,4,2,4,4,2,2,5,2,4,4,2,3.5,4.5,4.5,2,"bien",4,"No","1 día antes",1,"2 veces",2,"entre 1 y 3 horas",1,"Igual",0,5,5,3
"631d12ab6f5b6f3a935334020c7076",1708,"7/1/2024 10:05:38",1,1,0,1,1,0,0,0,0,0,0,0,0,0,0,0,0,0,5,4,5,2,5,5,2,5,6,6,6,6,1,6,5,4,5,5.2,2.666666667,4.333333333,5,5,1,5,5,1,5,1,3,5,2,3,4,2.5,5,3,5,1,"mal",2,"Si","2 días antes",2,"3 veces",3,"entre 3 y 6 horas",3,"Mucho más",2,3,5,2
"1aa0a5b69424af608401d0638fde67",1736,"6/26/2024 15:09:00",1,2,0,1,1,0,0,0,0,1,0,0,0,0,0,0,1,0,6,5,2,5,6,6,2,5,5,5,5,6,2,5,5,6,5.384615385,5.5,2,5,5,2,1,5,5,1,4,1,2,4,2,4,4.5,2,5,1.5,4,1,"muy bien",5,"No","1 semana antes",7,"3 veces",3,"entre 3 y 6 horas",3,"Más",1,5,5,6
"a71c0c1587dc4f55edc31fbd93f9ac",1704,"6/24/2024 19:08:43",0,0,0,0,0,0,0,0,0,0,0,0,0,0,0,0,0,0,6,6,1,6,6,6,1,6,6,6,6,6,2,5,6,6,5.923076923,6,1.333333333,5.666666667,5,2,1,5,5,2,3,1,2,3,3,2,3.5,2.5,5,2,3,1,"muy bien",5,"No","entre 3 y 6 días antes",3,"3 veces",3,"entre 1 y 3 horas",1,"Más",1,6,6,6
"c0b17dd523c45d980203d354b74217",1740,"7/1/2024 14:45:06",1,1,1,0,1,0,0,0,0,0,0,0,0,0,0,0,0,0,6,6,1,6,6,6,1,6,6,6,6,6,1,6,6,6,6,6,1,6,5,1,1,5,5,2,5,1,3,4,2,5,5,2.5,5,1.5,4.5,1,"bien",4,"Si","No estudié",0,"1 vez",1,"entre 1 y 3 horas",1,"Más",1,6,6,6
"3654f15996687167f02e9001e79c93",1822,"7/2/2024 20:47:34",2,2,1,2,2,2,1,1,1,1,0,1,1,1,0,0,3,2,3,5,6,1,3,3,4,3,3,4,3,5,5,2,4,3,3.230769231,3.6,5,2,4,3,2,3,3,3,5,2,4,4,4,4,3.5,4,3.5,3,4.5,2,"mal",2,"No","entre 3 y 6 días antes",3,"3 veces",3,"entre 6 y 10 horas",6,"Mucho más",2,5,4,4
"df904da54eb15d1f003a38d2b3336e",1704,"6/25/2024 11:59:57",2,2,2,2,3,1,1,1,1,1,1,1,1,0,0,0,4,1,4,4,2,5,5,5,4,3,4,5,5,5,2,5,5,5,4.615384615,4.7,2.666666667,4.333333333,5,5,1,4,5,1,5,1,4,3,3,3,3.5,3.5,5,3,4,1,"bien",4,"No","1 semana antes",7,"5 o más veces",5,"entre 10 y 15 horas",10,"Mucho más",2,6,6,6
"f5d5ae85fd25018836b6773e9662a9",1708,"7/1/2024 10:08:54",2,1,1,0,0,0,0,0,1,0,0,0,0,0,0,0,1,0,5,5,2,5,6,6,2,5,4,6,5,6,2,5,5,5,5.230769231,5.3,2,5,4,3,1,5,5,3,4,1,4,5,2,3,4,3,4.5,3,4.5,1,"más o menos",3,"Si","1 semana antes",7,"4 veces",4,"entre 10 y 15 horas",10,"Más",1,6,6,4
"8f0208d069291dfeb9d9606bb235d2",1730,"7/3/2024 12:02:50",3,2,2,3,3,3,3,2,1,1,1,1,1,1,1,1,4,4,2,3,4,3,3,4,4,3,3,2,2,5,5,2,4,2,2.923076923,3,4.333333333,2.666666667,3,4,4,2,2,3,1,2,5,2,4,2,2,4.5,2.5,3.5,1.5,3,"más o menos",3,"No","entre 3 y 6 días antes",3,"3 veces",3,"entre 6 y 10 horas",6,"Más",1,6,5,4
"69963dd7c00aba1f24b6246d072126",1730,"7/3/2024 12:01:39",2,2,2,2,3,1,1,0,1,1,1,1,1,0,0,0,4,1,3,4,5,2,4,5,3,4,4,6,5,4,5,2,5,5,4.076923077,4.5,4.333333333,2.666666667,5,2,1,4,4,1,5,1,4,5,4,3,3.5,4,4.5,1.5,5,1,"muy mal",1,"Si","entre 3 y 6 días antes",3,"4 veces",4,"entre 3 y 6 horas",3,"Más",1,4,5,3
"724314702fa1f0b1baaa3e32a93584",1704,"6/25/2024 12:00:39",2,3,1,1,1,2,1,0,1,1,0,0,0,1,0,0,2,1,3,3,4,3,4,4,3,4,3,4,5,5,3,4,5,4,3.923076923,4,3.333333333,3.666666667,3,5,2,4,3,3,5,2,5,4,4,4,4,4.5,3,4,4.5,2,"bien",4,"No","2 días antes",2,"3 veces",3,"entre 3 y 6 horas",3,"Más",1,6,6,4
"b46df95fd995646a818545d89bdff2",1704,"6/25/2024 11:59:44",1,1,2,2,2,2,1,1,0,0,1,1,1,1,0,0,2,2,3,2,3,4,3,1,3,4,2,4,3,3,3,4,3,3,3,2.7,3,4,3,4,2,3,2,2,3,2,4,3,3,3,3,3.5,2.5,3,3,2,"más o menos",3,"No","entre 3 y 6 días antes",3,"5 o más veces",5,"más de 24 horas",24,"Mucho más",2,3,3,3
"30b48c9a9aa322b0dcd899d5fb8a6c",1708,"6/27/2024 12:52:55",2,2,1,1,2,1,1,2,1,1,0,0,1,0,0,1,2,2,4,3,5,2,3,2,4,3,2,3,4,2,4,3,2,3,2.769230769,2.8,4.333333333,2.666666667,3,4,1,3,3,4,4,2,3,4,4,3,3,3.5,3,4,4,1.5,"más o menos",3,"No","entre 3 y 6 días antes",3,"4 veces",4,"entre 6 y 10 horas",6,"Mucho más",2,5,5,5
"b883bf027ebaf3ade226ea916af077",1736,"6/26/2024 15:09:32",1,2,1,1,1,0,1,0,0,1,0,0,0,0,0,0,1,0,6,5,2,5,6,5,2,5,5,4,6,4,3,4,6,5,5.076923077,5.2,2.333333333,4.666666667,4,3,1,4,4,2,5,1,1,5,2,4,4,1.5,4,2.5,5,1,"bien",4,"No","2 días antes",2,"4 veces",4,"entre 6 y 10 horas",6,"Mucho más",2,5,6,6
"31e1ca9a6453148d6eaf3743b5ce72",1704,"6/24/2024 18:01:06",1,2,1,2,2,0,1,0,0,1,0,1,1,0,0,0,2,1,6,6,1,6,6,4,1,6,6,6,6,6,1,6,6,5,5.769230769,5.7,1,6,3,4,1,4,4,2,5,1,3,5,1,5,4.5,2,3.5,3,5,1,"muy mal",1,"No","1 día antes",1,"1 vez",1,"entre 1 y 3 horas",1,"Igual",0,5,6,4
"54f41c10de24d514381822f52ecf4f",1740,"7/1/2024 14:43:31",1,1,1,0,2,2,1,1,0,0,0,0,1,1,0,0,0,2,5,5,4,3,4,3,4,3,3,4,4,4,3,4,3,3,3.692307692,3.8,3.666666667,3.333333333,3,3,2,4,2,3,3,3,3,3,2,3,3.5,2.5,2.5,3,3,2.5,"bien",4,"Si","2 días antes",2,"2 veces",2,"entre 1 y 3 horas",1,"Más",1,3,5,3
"1a3c853b3c787093d61abde1a3c375",1704,"6/25/2024 12:02:04",2,3,2,2,2,2,2,3,1,1,1,1,1,1,1,1,4,4,2,4,3,4,3,5,4,3,2,4,4,5,4,3,4,2,3.461538462,3.5,3.666666667,3.333333333,4,5,4,3,4,5,3,4,3,3,2,3,3,2.5,4,5,3,4,"bien",4,"No","2 días antes",2,"5 o más veces",5,"entre 6 y 10 horas",6,"Más",1,4,3,3
"e92bfbf2d3bcf20eb479683094393b",1740,"7/1/2024 14:44:04",2,3,2,2,2,1,2,2,1,1,1,1,1,0,1,1,4,3,2,3,5,2,3,3,5,2,3,3,2,5,5,2,3,2,2.692307692,2.9,5,2,4,4,2,4,4,2,4,2,5,4,4,3,3.5,4.5,4,3,4,2,"muy mal",1,"Si","1 semana antes",7,"5 o más veces",5,"entre 3 y 6 horas",3,"Mucho menos",-2,6,6,4
"19758b7782fcd2820f614901efebaf",1736,"6/26/2024 15:07:11",2,2,2,1,2,3,1,2,1,1,1,0,1,1,0,1,3,3,4,5,4,3,3,3,4,3,3,4,3,4,4,3,3,2,3.307692308,3.4,4,3,2,4,4,3,2,4,1,3,5,1,3,3,3,4,2,4,1,3.5,"mal",2,"No","1 semana antes",7,"5 o más veces",5,"entre 10 y 15 horas",10,"Mucho más",2,4,5,4
